pricePerNight,nbChambres,city,zipCode,nbSallesDeBain,Date,piscine,url,type,id
91,,menerbes,,1,31/07/2020,False,https://www.airbnb.fr/rooms/42755685?location=M%C3%A9nerbes&check_in=2020-07-31&check_out=2020-08-08&previous_page_section_name=1000&federated_search_id=f2a17dbd-61eb-4b26-818c-77aba9da546b,,42755685
73,,goult,,1,31/07/2020,False,https://www.airbnb.fr/rooms/19281184?location=M%C3%A9nerbes&check_in=2020-07-31&check_out=2020-08-08&previous_page_section_name=1000&federated_search_id=f2a17dbd-61eb-4b26-818c-77aba9da546b,,19281184
389,5,menerbes,,,31/07/2020,True,https://www.airbnb.fr/rooms/36254504?location=M%C3%A9nerbes&check_in=2020-07-31&check_out=2020-08-08&previous_page_section_name=1000&federated_search_id=f2a17dbd-61eb-4b26-818c-77aba9da546b,,36254504
61,,robion,,1,31/07/2020,False,https://www.airbnb.fr/rooms/36295190?location=M%C3%A9nerbes&check_in=2020-07-31&check_out=2020-08-08&previous_page_section_name=1000&federated_search_id=f2a17dbd-61eb-4b26-818c-77aba9da546b,,36295190
205,,goult,,1,31/07/2020,False,https://www.airbnb.fr/rooms/plus/20583730?location=M%C3%A9nerbes&check_in=2020-07-31&check_out=2020-08-08&previous_page_section_name=1000&federated_search_id=f2a17dbd-61eb-4b26-818c-77aba9da546b,,20583730
281,,gordes,,,31/07/2020,False,https://www.airbnb.fr/rooms/40445210?location=M%C3%A9nerbes&check_in=2020-07-31&check_out=2020-08-08&previous_page_section_name=1000&federated_search_id=f2a17dbd-61eb-4b26-818c-77aba9da546b,villa,40445210
115,,goult,,1,31/07/2020,False,https://www.airbnb.fr/rooms/25939957?location=M%C3%A9nerbes&check_in=2020-07-31&check_out=2020-08-08&previous_page_section_name=1000&federated_search_id=f2a17dbd-61eb-4b26-818c-77aba9da546b,,25939957
225,2,goult,,5,31/07/2020,False,https://www.airbnb.fr/rooms/28244094?location=M%C3%A9nerbes&check_in=2020-07-31&check_out=2020-08-08&previous_page_section_name=1000&federated_search_id=f2a17dbd-61eb-4b26-818c-77aba9da546b,,28244094
18,,cadenet,,1,31/07/2020,False,https://www.airbnb.fr/rooms/20963947?location=M%C3%A9nerbes&check_in=2020-07-31&check_out=2020-08-08&previous_page_section_name=1000&federated_search_id=f2a17dbd-61eb-4b26-818c-77aba9da546b,,20963947
61,,maubec,,1,31/07/2020,False,https://www.airbnb.fr/rooms/40105880?location=M%C3%A9nerbes&check_in=2020-07-31&check_out=2020-08-08&previous_page_section_name=1000&federated_search_id=f2a17dbd-61eb-4b26-818c-77aba9da546b,appartement,40105880
330,4,menerbes,,3,31/07/2020,True,https://www.airbnb.fr/rooms/24572803?location=M%C3%A9nerbes&check_in=2020-07-31&check_out=2020-08-08&previous_page_section_name=1000&federated_search_id=f2a17dbd-61eb-4b26-818c-77aba9da546b,,24572803
91,,bonnieux,,1,31/07/2020,False,https://www.airbnb.fr/rooms/19546178?location=M%C3%A9nerbes&check_in=2020-07-31&check_out=2020-08-08&previous_page_section_name=1000&federated_search_id=f2a17dbd-61eb-4b26-818c-77aba9da546b,,19546178
60,,maubec,,1,31/07/2020,False,https://www.airbnb.fr/rooms/12984127?location=M%C3%A9nerbes&check_in=2020-07-31&check_out=2020-08-08&previous_page_section_name=1000&federated_search_id=f2a17dbd-61eb-4b26-818c-77aba9da546b,,12984127
112,,lioux,,1,31/07/2020,True,https://www.airbnb.fr/rooms/41730022?location=M%C3%A9nerbes&check_in=2020-07-31&check_out=2020-08-08&previous_page_section_name=1000&federated_search_id=f2a17dbd-61eb-4b26-818c-77aba9da546b,,41730022
84,,oppede,,1,31/07/2020,False,https://www.airbnb.fr/rooms/27598701?location=M%C3%A9nerbes&check_in=2020-07-31&check_out=2020-08-08&previous_page_section_name=1000&federated_search_id=f2a17dbd-61eb-4b26-818c-77aba9da546b,,27598701
46,,cabrieres d avignon,,0,31/07/2020,False,https://www.airbnb.fr/rooms/33470541?location=M%C3%A9nerbes&check_in=2020-07-31&check_out=2020-08-08&previous_page_section_name=1000&federated_search_id=f2a17dbd-61eb-4b26-818c-77aba9da546b,,33470541
135,,robion,,1,31/07/2020,True,https://www.airbnb.fr/rooms/34973183?location=M%C3%A9nerbes&check_in=2020-07-31&check_out=2020-08-08&previous_page_section_name=1000&federated_search_id=f2a17dbd-61eb-4b26-818c-77aba9da546b,,34973183
39,,cavaillon,,1,31/07/2020,False,https://www.airbnb.fr/rooms/41277561?location=M%C3%A9nerbes&check_in=2020-07-31&check_out=2020-08-08&previous_page_section_name=1000&federated_search_id=f2a17dbd-61eb-4b26-818c-77aba9da546b,,41277561
43,,maubec,,,31/07/2020,False,https://www.airbnb.fr/rooms/13944503?location=M%C3%A9nerbes&check_in=2020-07-31&check_out=2020-08-08&previous_page_section_name=1000&federated_search_id=f2a17dbd-61eb-4b26-818c-77aba9da546b,,13944503
102,,goult,,1,31/07/2020,False,https://www.airbnb.fr/rooms/34409860?location=M%C3%A9nerbes&check_in=2020-07-31&check_out=2020-08-08&previous_page_section_name=1000&federated_search_id=f2a17dbd-61eb-4b26-818c-77aba9da546b,,34409860
102,2,oppede,,1,31/07/2020,False,https://www.airbnb.fr/rooms/18745299?location=M%C3%A9nerbes&check_in=2020-07-31&check_out=2020-08-08&previous_page_section_name=1000&federated_search_id=e8bc4d1f-8b3c-468c-954f-777fcc6c450b,,18745299
214,,,,1,31/07/2020,False,https://www.airbnb.fr/rooms/plus/18241017?location=M%C3%A9nerbes&check_in=2020-07-31&check_out=2020-08-08&previous_page_section_name=1000&federated_search_id=e8bc4d1f-8b3c-468c-954f-777fcc6c450b,appartement,18241017
275,,goult,,1,31/07/2020,False,https://www.airbnb.fr/rooms/plus/20593675?location=M%C3%A9nerbes&check_in=2020-07-31&check_out=2020-08-08&previous_page_section_name=1000&federated_search_id=e8bc4d1f-8b3c-468c-954f-777fcc6c450b,,20593675
341,3,bonnieux,,,31/07/2020,False,https://www.airbnb.fr/rooms/35252978?location=M%C3%A9nerbes&check_in=2020-07-31&check_out=2020-08-08&previous_page_section_name=1000&federated_search_id=e8bc4d1f-8b3c-468c-954f-777fcc6c450b,,35252978
395,3,,,,31/07/2020,False,https://www.airbnb.fr/rooms/7230774?location=M%C3%A9nerbes&check_in=2020-07-31&check_out=2020-08-08&previous_page_section_name=1000&federated_search_id=e8bc4d1f-8b3c-468c-954f-777fcc6c450b,,7230774
389,5,menerbes,,,31/07/2020,False,https://www.airbnb.fr/rooms/36254504?location=M%C3%A9nerbes&check_in=2020-07-31&check_out=2020-08-08&previous_page_section_name=1000&federated_search_id=e8bc4d1f-8b3c-468c-954f-777fcc6c450b,,36254504
66,,lioux,,1,31/07/2020,False,https://www.airbnb.fr/rooms/9231429?location=M%C3%A9nerbes&check_in=2020-07-31&check_out=2020-08-08&previous_page_section_name=1000&federated_search_id=e8bc4d1f-8b3c-468c-954f-777fcc6c450b,,9231429
587,3,lacoste,,,31/07/2020,True,https://www.airbnb.fr/rooms/30045793?location=M%C3%A9nerbes&check_in=2020-07-31&check_out=2020-08-08&previous_page_section_name=1000&federated_search_id=e8bc4d1f-8b3c-468c-954f-777fcc6c450b,,30045793
158,2,lacoste,,5,31/07/2020,False,https://www.airbnb.fr/rooms/32833639?location=M%C3%A9nerbes&check_in=2020-07-31&check_out=2020-08-08&previous_page_section_name=1000&federated_search_id=e8bc4d1f-8b3c-468c-954f-777fcc6c450b,villa,32833639
60,,apt,,1,31/07/2020,False,https://www.airbnb.fr/rooms/29898516?location=M%C3%A9nerbes&check_in=2020-07-31&check_out=2020-08-08&previous_page_section_name=1000&federated_search_id=e8bc4d1f-8b3c-468c-954f-777fcc6c450b,,29898516
84,,cabrieres d avignon,,1,31/07/2020,False,https://www.airbnb.fr/rooms/13053360?location=M%C3%A9nerbes&check_in=2020-07-31&check_out=2020-08-08&previous_page_section_name=1000&federated_search_id=e8bc4d1f-8b3c-468c-954f-777fcc6c450b,,13053360
118,,taillades,,1,31/07/2020,False,https://www.airbnb.fr/rooms/34570661?location=M%C3%A9nerbes&check_in=2020-07-31&check_out=2020-08-08&previous_page_section_name=1000&federated_search_id=e8bc4d1f-8b3c-468c-954f-777fcc6c450b,,34570661
216,4,merindol,,,31/07/2020,False,https://www.airbnb.fr/rooms/3410909?location=M%C3%A9nerbes&check_in=2020-07-31&check_out=2020-08-08&previous_page_section_name=1000&federated_search_id=e8bc4d1f-8b3c-468c-954f-777fcc6c450b,,3410909
44,,robion,,1,31/07/2020,False,https://www.airbnb.fr/rooms/38456984?location=M%C3%A9nerbes&check_in=2020-07-31&check_out=2020-08-08&previous_page_section_name=1000&federated_search_id=e8bc4d1f-8b3c-468c-954f-777fcc6c450b,,38456984
69,,gordes,,1,31/07/2020,False,https://www.airbnb.fr/rooms/2359229?location=M%C3%A9nerbes&check_in=2020-07-31&check_out=2020-08-08&previous_page_section_name=1000&federated_search_id=e8bc4d1f-8b3c-468c-954f-777fcc6c450b,,2359229
117,2,oppede,,1,31/07/2020,False,https://www.airbnb.fr/rooms/33334295?location=M%C3%A9nerbes&check_in=2020-07-31&check_out=2020-08-08&previous_page_section_name=1000&federated_search_id=e8bc4d1f-8b3c-468c-954f-777fcc6c450b,,33334295
70,2,,,1,31/07/2020,False,https://www.airbnb.fr/rooms/7765044?location=M%C3%A9nerbes&check_in=2020-07-31&check_out=2020-08-08&previous_page_section_name=1000&federated_search_id=e8bc4d1f-8b3c-468c-954f-777fcc6c450b,appartement,7765044
204,2,gordes,,1,31/07/2020,True,https://www.airbnb.fr/rooms/5341349?location=M%C3%A9nerbes&check_in=2020-07-31&check_out=2020-08-08&previous_page_section_name=1000&federated_search_id=e8bc4d1f-8b3c-468c-954f-777fcc6c450b,,5341349
78,,lioux,,1,31/07/2020,False,https://www.airbnb.fr/rooms/5352591?location=M%C3%A9nerbes&check_in=2020-07-31&check_out=2020-08-08&previous_page_section_name=1000&federated_search_id=e8bc4d1f-8b3c-468c-954f-777fcc6c450b,appartement,5352591
106,,murs,,1,31/07/2020,False,https://www.airbnb.fr/rooms/41002730?location=M%C3%A9nerbes&check_in=2020-07-31&check_out=2020-08-08&previous_page_section_name=1000&federated_search_id=e8bc4d1f-8b3c-468c-954f-777fcc6c450b,,41002730
98,,bonnieux,,1,31/07/2020,False,https://www.airbnb.fr/rooms/35827560?location=M%C3%A9nerbes&check_in=2020-07-31&check_out=2020-08-08&previous_page_section_name=1000&federated_search_id=3c2a274f-bd51-4a34-a50c-825dc9cbcbae,,35827560
108,,oppede,,1,31/07/2020,False,https://www.airbnb.fr/rooms/5844867?location=M%C3%A9nerbes&check_in=2020-07-31&check_out=2020-08-08&previous_page_section_name=1000&federated_search_id=3c2a274f-bd51-4a34-a50c-825dc9cbcbae,,5844867
177,2,,,1,31/07/2020,False,https://www.airbnb.fr/rooms/3900452?location=M%C3%A9nerbes&check_in=2020-07-31&check_out=2020-08-08&previous_page_section_name=1000&federated_search_id=3c2a274f-bd51-4a34-a50c-825dc9cbcbae,,3900452
214,,menerbes,,1,31/07/2020,True,https://www.airbnb.fr/rooms/11559297?location=M%C3%A9nerbes&check_in=2020-07-31&check_out=2020-08-08&previous_page_section_name=1000&federated_search_id=3c2a274f-bd51-4a34-a50c-825dc9cbcbae,,11559297
204,2,gordes,,1,31/07/2020,False,https://www.airbnb.fr/rooms/5314804?location=M%C3%A9nerbes&check_in=2020-07-31&check_out=2020-08-08&previous_page_section_name=1000&federated_search_id=3c2a274f-bd51-4a34-a50c-825dc9cbcbae,,5314804
55,,cavaillon,,1,31/07/2020,False,https://www.airbnb.fr/rooms/5226105?location=M%C3%A9nerbes&check_in=2020-07-31&check_out=2020-08-08&previous_page_section_name=1000&federated_search_id=3c2a274f-bd51-4a34-a50c-825dc9cbcbae,,5226105
120,,menerbes,,1,31/07/2020,True,https://www.airbnb.fr/rooms/37120341?location=M%C3%A9nerbes&check_in=2020-07-31&check_out=2020-08-08&previous_page_section_name=1000&federated_search_id=3c2a274f-bd51-4a34-a50c-825dc9cbcbae,,37120341
101,,cabrieres d avignon,,1,31/07/2020,False,https://www.airbnb.fr/rooms/7822026?location=M%C3%A9nerbes&check_in=2020-07-31&check_out=2020-08-08&previous_page_section_name=1000&federated_search_id=3c2a274f-bd51-4a34-a50c-825dc9cbcbae,,7822026
44,,robion,,1,31/07/2020,False,https://www.airbnb.fr/rooms/38456984?location=M%C3%A9nerbes&check_in=2020-07-31&check_out=2020-08-08&previous_page_section_name=1000&federated_search_id=3c2a274f-bd51-4a34-a50c-825dc9cbcbae,,38456984
76,,,,,31/07/2020,False,https://www.airbnb.fr/rooms/34834320?location=M%C3%A9nerbes&check_in=2020-07-31&check_out=2020-08-08&previous_page_section_name=1000&federated_search_id=3c2a274f-bd51-4a34-a50c-825dc9cbcbae,,34834320
330,3,cavaillon,,,31/07/2020,True,https://www.airbnb.fr/rooms/42633875?location=M%C3%A9nerbes&check_in=2020-07-31&check_out=2020-08-08&previous_page_section_name=1000&federated_search_id=3c2a274f-bd51-4a34-a50c-825dc9cbcbae,,42633875
493,5,cheval blanc,,,31/07/2020,True,https://www.airbnb.fr/rooms/36922455?location=M%C3%A9nerbes&check_in=2020-07-31&check_out=2020-08-08&previous_page_section_name=1000&federated_search_id=3c2a274f-bd51-4a34-a50c-825dc9cbcbae,villa,36922455
106,,murs,,1,31/07/2020,False,https://www.airbnb.fr/rooms/41002730?location=M%C3%A9nerbes&check_in=2020-07-31&check_out=2020-08-08&previous_page_section_name=1000&federated_search_id=3c2a274f-bd51-4a34-a50c-825dc9cbcbae,,41002730
108,,oppede,,1,31/07/2020,True,https://www.airbnb.fr/rooms/17262294?location=M%C3%A9nerbes&check_in=2020-07-31&check_out=2020-08-08&previous_page_section_name=1000&federated_search_id=3c2a274f-bd51-4a34-a50c-825dc9cbcbae,,17262294
266,2,saignon,,,31/07/2020,False,https://www.airbnb.fr/rooms/10321564?location=M%C3%A9nerbes&check_in=2020-07-31&check_out=2020-08-08&previous_page_section_name=1000&federated_search_id=3c2a274f-bd51-4a34-a50c-825dc9cbcbae,,10321564
204,2,gordes,,1,31/07/2020,True,https://www.airbnb.fr/rooms/5341349?location=M%C3%A9nerbes&check_in=2020-07-31&check_out=2020-08-08&previous_page_section_name=1000&federated_search_id=3c2a274f-bd51-4a34-a50c-825dc9cbcbae,,5341349
129,,saumane de vaucluse,,1,31/07/2020,False,https://www.airbnb.fr/rooms/36474998?location=M%C3%A9nerbes&check_in=2020-07-31&check_out=2020-08-08&previous_page_section_name=1000&federated_search_id=3c2a274f-bd51-4a34-a50c-825dc9cbcbae,appartement,36474998
338,4,robion,,3,31/07/2020,False,https://www.airbnb.fr/rooms/33886708?location=M%C3%A9nerbes&check_in=2020-07-31&check_out=2020-08-08&previous_page_section_name=1000&federated_search_id=3c2a274f-bd51-4a34-a50c-825dc9cbcbae,,33886708
55,,apt,,1,31/07/2020,False,https://www.airbnb.fr/rooms/43236591?location=M%C3%A9nerbes&check_in=2020-07-31&check_out=2020-08-08&previous_page_section_name=1000&federated_search_id=3c2a274f-bd51-4a34-a50c-825dc9cbcbae,,43236591
82,,cavaillon,,1,31/07/2020,False,https://www.airbnb.fr/rooms/28077225?location=M%C3%A9nerbes&check_in=2020-07-31&check_out=2020-08-08&previous_page_section_name=1000&federated_search_id=3c2a274f-bd51-4a34-a50c-825dc9cbcbae,,28077225
66,2,cadenet,,1,31/07/2020,False,https://www.airbnb.fr/rooms/24463096?location=M%C3%A9nerbes&check_in=2020-07-31&check_out=2020-08-08&previous_page_section_name=1000&federated_search_id=1c1331db-beea-4c22-98b2-22b828b5dcb4,appartement,24463096
106,,cheval blanc,,1,31/07/2020,False,https://www.airbnb.fr/rooms/11937130?location=M%C3%A9nerbes&check_in=2020-07-31&check_out=2020-08-08&previous_page_section_name=1000&federated_search_id=1c1331db-beea-4c22-98b2-22b828b5dcb4,,11937130
118,3,maubec,,1,31/07/2020,False,https://www.airbnb.fr/rooms/26891409?location=M%C3%A9nerbes&check_in=2020-07-31&check_out=2020-08-08&previous_page_section_name=1000&federated_search_id=1c1331db-beea-4c22-98b2-22b828b5dcb4,,26891409
72,,lauris,,1,31/07/2020,False,https://www.airbnb.fr/rooms/26673466?location=M%C3%A9nerbes&check_in=2020-07-31&check_out=2020-08-08&previous_page_section_name=1000&federated_search_id=1c1331db-beea-4c22-98b2-22b828b5dcb4,villa,26673466
115,,bonnieux,,1,31/07/2020,False,https://www.airbnb.fr/rooms/5759291?location=M%C3%A9nerbes&check_in=2020-07-31&check_out=2020-08-08&previous_page_section_name=1000&federated_search_id=1c1331db-beea-4c22-98b2-22b828b5dcb4,,5759291
171,,puget,,1,31/07/2020,True,https://www.airbnb.fr/rooms/30458693?location=M%C3%A9nerbes&check_in=2020-07-31&check_out=2020-08-08&previous_page_section_name=1000&federated_search_id=1c1331db-beea-4c22-98b2-22b828b5dcb4,,30458693
563,4,gordes,,3,31/07/2020,True,https://www.airbnb.fr/rooms/27075298?location=M%C3%A9nerbes&check_in=2020-07-31&check_out=2020-08-08&previous_page_section_name=1000&federated_search_id=1c1331db-beea-4c22-98b2-22b828b5dcb4,,27075298
53,,,,1,31/07/2020,False,https://www.airbnb.fr/rooms/41253073?location=M%C3%A9nerbes&check_in=2020-07-31&check_out=2020-08-08&previous_page_section_name=1000&federated_search_id=1c1331db-beea-4c22-98b2-22b828b5dcb4,,41253073
151,2,cavaillon,,1,31/07/2020,False,https://www.airbnb.fr/rooms/35631124?location=M%C3%A9nerbes&check_in=2020-07-31&check_out=2020-08-08&previous_page_section_name=1000&federated_search_id=1c1331db-beea-4c22-98b2-22b828b5dcb4,,35631124
67,,roussillon,,1,31/07/2020,False,https://www.airbnb.fr/rooms/26734664?location=M%C3%A9nerbes&check_in=2020-07-31&check_out=2020-08-08&previous_page_section_name=1000&federated_search_id=1c1331db-beea-4c22-98b2-22b828b5dcb4,,26734664
65,,,,1,31/07/2020,False,https://www.airbnb.fr/rooms/35483191?location=M%C3%A9nerbes&check_in=2020-07-31&check_out=2020-08-08&previous_page_section_name=1000&federated_search_id=1c1331db-beea-4c22-98b2-22b828b5dcb4,appartement,35483191
166,2,gordes,,1,31/07/2020,False,https://www.airbnb.fr/rooms/18444983?location=M%C3%A9nerbes&check_in=2020-07-31&check_out=2020-08-08&previous_page_section_name=1000&federated_search_id=1c1331db-beea-4c22-98b2-22b828b5dcb4,,18444983
61,,,,1,31/07/2020,False,https://www.airbnb.fr/rooms/35764179?location=M%C3%A9nerbes&check_in=2020-07-31&check_out=2020-08-08&previous_page_section_name=1000&federated_search_id=1c1331db-beea-4c22-98b2-22b828b5dcb4,,35764179
668,4,merindol,,4,31/07/2020,False,https://www.airbnb.fr/rooms/41848112?location=M%C3%A9nerbes&check_in=2020-07-31&check_out=2020-08-08&previous_page_section_name=1000&federated_search_id=1c1331db-beea-4c22-98b2-22b828b5dcb4,,41848112
76,2,cavaillon,,1,31/07/2020,False,https://www.airbnb.fr/rooms/1523440?location=M%C3%A9nerbes&check_in=2020-07-31&check_out=2020-08-08&previous_page_section_name=1000&federated_search_id=1c1331db-beea-4c22-98b2-22b828b5dcb4,,1523440
305,2,gordes,,,31/07/2020,False,https://www.airbnb.fr/rooms/26383326?location=M%C3%A9nerbes&check_in=2020-07-31&check_out=2020-08-08&previous_page_section_name=1000&federated_search_id=1c1331db-beea-4c22-98b2-22b828b5dcb4,,26383326
224,,,,,31/07/2020,False,https://www.airbnb.fr/rooms/20941405?location=M%C3%A9nerbes&check_in=2020-07-31&check_out=2020-08-08&previous_page_section_name=1000&federated_search_id=1c1331db-beea-4c22-98b2-22b828b5dcb4,,20941405
189,,lacoste,,1,31/07/2020,False,https://www.airbnb.fr/rooms/2521384?location=M%C3%A9nerbes&check_in=2020-07-31&check_out=2020-08-08&previous_page_section_name=1000&federated_search_id=1c1331db-beea-4c22-98b2-22b828b5dcb4,,2521384
58,,,,1,31/07/2020,False,https://www.airbnb.fr/rooms/43219403?location=M%C3%A9nerbes&check_in=2020-07-31&check_out=2020-08-08&previous_page_section_name=1000&federated_search_id=1c1331db-beea-4c22-98b2-22b828b5dcb4,,43219403
87,,fontaine de vaucluse,,1,31/07/2020,False,https://www.airbnb.fr/rooms/22829144?location=M%C3%A9nerbes&check_in=2020-07-31&check_out=2020-08-08&previous_page_section_name=1000&federated_search_id=1c1331db-beea-4c22-98b2-22b828b5dcb4,,22829144
58,,,,1,31/07/2020,False,https://www.airbnb.fr/rooms/43219403?location=M%C3%A9nerbes&check_in=2020-07-31&check_out=2020-08-08&previous_page_section_name=1000&federated_search_id=fd7b3dfd-9990-45f9-af2b-39e479975c56,,43219403
112,,roussillon,,1,31/07/2020,False,https://www.airbnb.fr/rooms/5644167?location=M%C3%A9nerbes&check_in=2020-07-31&check_out=2020-08-08&previous_page_section_name=1000&federated_search_id=fd7b3dfd-9990-45f9-af2b-39e479975c56,,5644167
87,,fontaine de vaucluse,,1,31/07/2020,False,https://www.airbnb.fr/rooms/22829144?location=M%C3%A9nerbes&check_in=2020-07-31&check_out=2020-08-08&previous_page_section_name=1000&federated_search_id=fd7b3dfd-9990-45f9-af2b-39e479975c56,,22829144
153,,cabrieres d avignon,,1,31/07/2020,False,https://www.airbnb.fr/rooms/20064337?location=M%C3%A9nerbes&check_in=2020-07-31&check_out=2020-08-08&previous_page_section_name=1000&federated_search_id=fd7b3dfd-9990-45f9-af2b-39e479975c56,,20064337
91,,gordes,,1,31/07/2020,False,https://www.airbnb.fr/rooms/28745345?location=M%C3%A9nerbes&check_in=2020-07-31&check_out=2020-08-08&previous_page_section_name=1000&federated_search_id=fd7b3dfd-9990-45f9-af2b-39e479975c56,,28745345
64,2,lauris,,,31/07/2020,False,https://www.airbnb.fr/rooms/23727602?location=M%C3%A9nerbes&check_in=2020-07-31&check_out=2020-08-08&previous_page_section_name=1000&federated_search_id=fd7b3dfd-9990-45f9-af2b-39e479975c56,appartement,23727602
306,3,gordes,,,31/07/2020,False,https://www.airbnb.fr/rooms/8025423?location=M%C3%A9nerbes&check_in=2020-07-31&check_out=2020-08-08&previous_page_section_name=1000&federated_search_id=fd7b3dfd-9990-45f9-af2b-39e479975c56,,8025423
62,,roussillon,,1,31/07/2020,False,https://www.airbnb.fr/rooms/6212787?location=M%C3%A9nerbes&check_in=2020-07-31&check_out=2020-08-08&previous_page_section_name=1000&federated_search_id=fd7b3dfd-9990-45f9-af2b-39e479975c56,,6212787
80,,fontaine de vaucluse,,1,31/07/2020,False,https://www.airbnb.fr/rooms/35538906?location=M%C3%A9nerbes&check_in=2020-07-31&check_out=2020-08-08&previous_page_section_name=1000&federated_search_id=fd7b3dfd-9990-45f9-af2b-39e479975c56,appartement,35538906
236,3,gordes,,3,31/07/2020,False,https://www.airbnb.fr/rooms/14079161?location=M%C3%A9nerbes&check_in=2020-07-31&check_out=2020-08-08&previous_page_section_name=1000&federated_search_id=fd7b3dfd-9990-45f9-af2b-39e479975c56,,14079161
63,,senas,,1,31/07/2020,True,https://www.airbnb.fr/rooms/36021205?location=M%C3%A9nerbes&check_in=2020-07-31&check_out=2020-08-08&previous_page_section_name=1000&federated_search_id=fd7b3dfd-9990-45f9-af2b-39e479975c56,,36021205
48,,oppede,,1,31/07/2020,False,https://www.airbnb.fr/rooms/32813149?location=M%C3%A9nerbes&check_in=2020-07-31&check_out=2020-08-08&previous_page_section_name=1000&federated_search_id=fd7b3dfd-9990-45f9-af2b-39e479975c56,,32813149
108,,oppede,,1,31/07/2020,False,https://www.airbnb.fr/rooms/5844867?location=M%C3%A9nerbes&check_in=2020-07-31&check_out=2020-08-08&previous_page_section_name=1000&federated_search_id=fd7b3dfd-9990-45f9-af2b-39e479975c56,,5844867
89,2,lagnes,,1,31/07/2020,False,https://www.airbnb.fr/rooms/37713761?location=M%C3%A9nerbes&check_in=2020-07-31&check_out=2020-08-08&previous_page_section_name=1000&federated_search_id=fd7b3dfd-9990-45f9-af2b-39e479975c56,villa,37713761
110,2,roussillon,,1,31/07/2020,False,https://www.airbnb.fr/rooms/27578034?location=M%C3%A9nerbes&check_in=2020-07-31&check_out=2020-08-08&previous_page_section_name=1000&federated_search_id=fd7b3dfd-9990-45f9-af2b-39e479975c56,villa,27578034
67,,fontaine de vaucluse,,1,31/07/2020,False,https://www.airbnb.fr/rooms/42452986?location=M%C3%A9nerbes&check_in=2020-07-31&check_out=2020-08-08&previous_page_section_name=1000&federated_search_id=fd7b3dfd-9990-45f9-af2b-39e479975c56,,42452986
166,,gordes,,1,31/07/2020,False,https://www.airbnb.fr/rooms/1300074?location=M%C3%A9nerbes&check_in=2020-07-31&check_out=2020-08-08&previous_page_section_name=1000&federated_search_id=fd7b3dfd-9990-45f9-af2b-39e479975c56,,1300074
80,,lacoste,,1,31/07/2020,False,https://www.airbnb.fr/rooms/2551697?location=M%C3%A9nerbes&check_in=2020-07-31&check_out=2020-08-08&previous_page_section_name=1000&federated_search_id=fd7b3dfd-9990-45f9-af2b-39e479975c56,,2551697
421,4,roussillon,,,31/07/2020,False,https://www.airbnb.fr/rooms/36936636?location=M%C3%A9nerbes&check_in=2020-07-31&check_out=2020-08-08&previous_page_section_name=1000&federated_search_id=fd7b3dfd-9990-45f9-af2b-39e479975c56,,36936636
49,,apt,,,31/07/2020,False,https://www.airbnb.fr/rooms/13992218?location=M%C3%A9nerbes&check_in=2020-07-31&check_out=2020-08-08&previous_page_section_name=1000&federated_search_id=fd7b3dfd-9990-45f9-af2b-39e479975c56,,13992218
311,3,cheval blanc,,,31/07/2020,True,https://www.airbnb.fr/rooms/43114864?location=M%C3%A9nerbes&check_in=2020-07-31&check_out=2020-08-08&previous_page_section_name=1000&federated_search_id=67f4f335-8309-4894-bebf-7f44006e468b,,43114864
49,,apt,,,31/07/2020,False,https://www.airbnb.fr/rooms/13992218?location=M%C3%A9nerbes&check_in=2020-07-31&check_out=2020-08-08&previous_page_section_name=1000&federated_search_id=67f4f335-8309-4894-bebf-7f44006e468b,,13992218
139,,oppede,,1,31/07/2020,False,https://www.airbnb.fr/rooms/19032115?location=M%C3%A9nerbes&check_in=2020-07-31&check_out=2020-08-08&previous_page_section_name=1000&federated_search_id=67f4f335-8309-4894-bebf-7f44006e468b,,19032115
249,3,,,,31/07/2020,False,https://www.airbnb.fr/rooms/32274516?location=M%C3%A9nerbes&check_in=2020-07-31&check_out=2020-08-08&previous_page_section_name=1000&federated_search_id=67f4f335-8309-4894-bebf-7f44006e468b,,32274516
81,,cabrieres d avignon,,1,31/07/2020,False,https://www.airbnb.fr/rooms/7308756?location=M%C3%A9nerbes&check_in=2020-07-31&check_out=2020-08-08&previous_page_section_name=1000&federated_search_id=67f4f335-8309-4894-bebf-7f44006e468b,,7308756
81,,cheval blanc,,1,31/07/2020,False,https://www.airbnb.fr/rooms/32076345?location=M%C3%A9nerbes&check_in=2020-07-31&check_out=2020-08-08&previous_page_section_name=1000&federated_search_id=67f4f335-8309-4894-bebf-7f44006e468b,,32076345
160,2,goult,,,31/07/2020,False,https://www.airbnb.fr/rooms/39439092?location=M%C3%A9nerbes&check_in=2020-07-31&check_out=2020-08-08&previous_page_section_name=1000&federated_search_id=67f4f335-8309-4894-bebf-7f44006e468b,,39439092
111,,robion,,1,31/07/2020,False,https://www.airbnb.fr/rooms/35423725?location=M%C3%A9nerbes&check_in=2020-07-31&check_out=2020-08-08&previous_page_section_name=1000&federated_search_id=67f4f335-8309-4894-bebf-7f44006e468b,,35423725
132,,oppede,,1,31/07/2020,False,https://www.airbnb.fr/rooms/19107152?location=M%C3%A9nerbes&check_in=2020-07-31&check_out=2020-08-08&previous_page_section_name=1000&federated_search_id=67f4f335-8309-4894-bebf-7f44006e468b,,19107152
121,,goult,,1,31/07/2020,True,https://www.airbnb.fr/rooms/7796381?location=M%C3%A9nerbes&check_in=2020-07-31&check_out=2020-08-08&previous_page_section_name=1000&federated_search_id=67f4f335-8309-4894-bebf-7f44006e468b,,7796381
74,,,,1,31/07/2020,False,https://www.airbnb.fr/rooms/35282381?location=M%C3%A9nerbes&check_in=2020-07-31&check_out=2020-08-08&previous_page_section_name=1000&federated_search_id=67f4f335-8309-4894-bebf-7f44006e468b,,35282381
187,2,,,1,31/07/2020,True,https://www.airbnb.fr/rooms/42909746?location=M%C3%A9nerbes&check_in=2020-07-31&check_out=2020-08-08&previous_page_section_name=1000&federated_search_id=67f4f335-8309-4894-bebf-7f44006e468b,,42909746
84,,lauris,,,31/07/2020,False,https://www.airbnb.fr/rooms/13304119?location=M%C3%A9nerbes&check_in=2020-07-31&check_out=2020-08-08&previous_page_section_name=1000&federated_search_id=67f4f335-8309-4894-bebf-7f44006e468b,,13304119
83,,roussillon,,1,31/07/2020,False,https://www.airbnb.fr/rooms/23338348?location=M%C3%A9nerbes&check_in=2020-07-31&check_out=2020-08-08&previous_page_section_name=1000&federated_search_id=67f4f335-8309-4894-bebf-7f44006e468b,appartement,23338348
82,,cheval blanc,,1,31/07/2020,True,https://www.airbnb.fr/rooms/31509318?location=M%C3%A9nerbes&check_in=2020-07-31&check_out=2020-08-08&previous_page_section_name=1000&federated_search_id=67f4f335-8309-4894-bebf-7f44006e468b,,31509318
76,2,cavaillon,,1,31/07/2020,False,https://www.airbnb.fr/rooms/1523440?location=M%C3%A9nerbes&check_in=2020-07-31&check_out=2020-08-08&previous_page_section_name=1000&federated_search_id=67f4f335-8309-4894-bebf-7f44006e468b,,1523440
330,4,robion,,,31/07/2020,True,https://www.airbnb.fr/rooms/24172103?location=M%C3%A9nerbes&check_in=2020-07-31&check_out=2020-08-08&previous_page_section_name=1000&federated_search_id=67f4f335-8309-4894-bebf-7f44006e468b,villa,24172103
91,,la roque d antheron,,1,31/07/2020,False,https://www.airbnb.fr/rooms/42020526?location=M%C3%A9nerbes&check_in=2020-07-31&check_out=2020-08-08&previous_page_section_name=1000&federated_search_id=67f4f335-8309-4894-bebf-7f44006e468b,,42020526
24,,,,0,31/07/2020,False,https://www.airbnb.fr/rooms/37413910?location=M%C3%A9nerbes&check_in=2020-07-31&check_out=2020-08-08&previous_page_section_name=1000&federated_search_id=67f4f335-8309-4894-bebf-7f44006e468b,,37413910
106,,maubec,,1,31/07/2020,False,https://www.airbnb.fr/rooms/14264616?location=M%C3%A9nerbes&check_in=2020-07-31&check_out=2020-08-08&previous_page_section_name=1000&federated_search_id=67f4f335-8309-4894-bebf-7f44006e468b,,14264616
51,,,,1,31/07/2020,False,https://www.airbnb.fr/rooms/35359822?location=M%C3%A9nerbes&check_in=2020-07-31&check_out=2020-08-08&previous_page_section_name=1000&federated_search_id=90b74808-f1be-44bc-9acc-4fbfb72b3f52,,35359822
24,,,,0,31/07/2020,True,https://www.airbnb.fr/rooms/37413910?location=M%C3%A9nerbes&check_in=2020-07-31&check_out=2020-08-08&previous_page_section_name=1000&federated_search_id=90b74808-f1be-44bc-9acc-4fbfb72b3f52,,37413910
83,,roussillon,,1,31/07/2020,False,https://www.airbnb.fr/rooms/23338348?location=M%C3%A9nerbes&check_in=2020-07-31&check_out=2020-08-08&previous_page_section_name=1000&federated_search_id=90b74808-f1be-44bc-9acc-4fbfb72b3f52,appartement,23338348
82,,cheval blanc,,1,31/07/2020,False,https://www.airbnb.fr/rooms/31509318?location=M%C3%A9nerbes&check_in=2020-07-31&check_out=2020-08-08&previous_page_section_name=1000&federated_search_id=90b74808-f1be-44bc-9acc-4fbfb72b3f52,,31509318
91,,la roque d antheron,,1,31/07/2020,False,https://www.airbnb.fr/rooms/42020526?location=M%C3%A9nerbes&check_in=2020-07-31&check_out=2020-08-08&previous_page_section_name=1000&federated_search_id=90b74808-f1be-44bc-9acc-4fbfb72b3f52,,42020526
330,4,robion,,,31/07/2020,True,https://www.airbnb.fr/rooms/24172103?location=M%C3%A9nerbes&check_in=2020-07-31&check_out=2020-08-08&previous_page_section_name=1000&federated_search_id=90b74808-f1be-44bc-9acc-4fbfb72b3f52,villa,24172103
471,3,gordes,,,31/07/2020,False,https://www.airbnb.fr/rooms/16385047?location=M%C3%A9nerbes&check_in=2020-07-31&check_out=2020-08-08&previous_page_section_name=1000&federated_search_id=90b74808-f1be-44bc-9acc-4fbfb72b3f52,,16385047
88,,cabrieres d avignon,,1,31/07/2020,True,https://www.airbnb.fr/rooms/19541579?location=M%C3%A9nerbes&check_in=2020-07-31&check_out=2020-08-08&previous_page_section_name=1000&federated_search_id=90b74808-f1be-44bc-9acc-4fbfb72b3f52,,19541579
51,,maubec,,1,31/07/2020,False,https://www.airbnb.fr/rooms/12282143?location=M%C3%A9nerbes&check_in=2020-07-31&check_out=2020-08-08&previous_page_section_name=1000&federated_search_id=90b74808-f1be-44bc-9acc-4fbfb72b3f52,,12282143
47,,robion,,1,31/07/2020,False,https://www.airbnb.fr/rooms/20263005?location=M%C3%A9nerbes&check_in=2020-07-31&check_out=2020-08-08&previous_page_section_name=1000&federated_search_id=90b74808-f1be-44bc-9acc-4fbfb72b3f52,,20263005
43,,,,1,31/07/2020,False,https://www.airbnb.fr/rooms/23281844?location=M%C3%A9nerbes&check_in=2020-07-31&check_out=2020-08-08&previous_page_section_name=1000&federated_search_id=90b74808-f1be-44bc-9acc-4fbfb72b3f52,,23281844
72,,apt,,1,31/07/2020,False,https://www.airbnb.fr/rooms/884271?location=M%C3%A9nerbes&check_in=2020-07-31&check_out=2020-08-08&previous_page_section_name=1000&federated_search_id=90b74808-f1be-44bc-9acc-4fbfb72b3f52,,884271
31,,,,1,31/07/2020,False,https://www.airbnb.fr/rooms/26946359?location=M%C3%A9nerbes&check_in=2020-07-31&check_out=2020-08-08&previous_page_section_name=1000&federated_search_id=90b74808-f1be-44bc-9acc-4fbfb72b3f52,,26946359
35,,cheval blanc,,1,31/07/2020,False,https://www.airbnb.fr/rooms/1407326?location=M%C3%A9nerbes&check_in=2020-07-31&check_out=2020-08-08&previous_page_section_name=1000&federated_search_id=90b74808-f1be-44bc-9acc-4fbfb72b3f52,,1407326
214,,menerbes,,1,31/07/2020,True,https://www.airbnb.fr/rooms/11921270?location=M%C3%A9nerbes&check_in=2020-07-31&check_out=2020-08-08&previous_page_section_name=1000&federated_search_id=90b74808-f1be-44bc-9acc-4fbfb72b3f52,,11921270
68,,gargas,,1,31/07/2020,False,https://www.airbnb.fr/rooms/31184340?location=M%C3%A9nerbes&check_in=2020-07-31&check_out=2020-08-08&previous_page_section_name=1000&federated_search_id=90b74808-f1be-44bc-9acc-4fbfb72b3f52,villa,31184340
90,,,,1,31/07/2020,False,https://www.airbnb.fr/rooms/22863505?location=M%C3%A9nerbes&check_in=2020-07-31&check_out=2020-08-08&previous_page_section_name=1000&federated_search_id=90b74808-f1be-44bc-9acc-4fbfb72b3f52,,22863505
354,2,menerbes,,,31/07/2020,False,https://www.airbnb.fr/rooms/23795161?location=M%C3%A9nerbes&check_in=2020-07-31&check_out=2020-08-08&previous_page_section_name=1000&federated_search_id=90b74808-f1be-44bc-9acc-4fbfb72b3f52,,23795161
152,2,oppede,,1,31/07/2020,False,https://www.airbnb.fr/rooms/1172410?location=M%C3%A9nerbes&check_in=2020-07-31&check_out=2020-08-08&previous_page_section_name=1000&federated_search_id=90b74808-f1be-44bc-9acc-4fbfb72b3f52,,1172410
145,2,lourmarin,,1,31/07/2020,False,https://www.airbnb.fr/rooms/6406892?location=M%C3%A9nerbes&check_in=2020-07-31&check_out=2020-08-08&previous_page_section_name=1000&federated_search_id=90b74808-f1be-44bc-9acc-4fbfb72b3f52,villa,6406892
81,,apt,,1,31/07/2020,False,https://www.airbnb.fr/rooms/20800240?location=M%C3%A9nerbes&check_in=2020-07-31&check_out=2020-08-08&previous_page_section_name=1000&federated_search_id=cbf77ab6-06a4-4dc1-bdc8-6d36825d23e6,,20800240
74,,cavaillon,,1,31/07/2020,False,https://www.airbnb.fr/rooms/25899841?location=M%C3%A9nerbes&check_in=2020-07-31&check_out=2020-08-08&previous_page_section_name=1000&federated_search_id=cbf77ab6-06a4-4dc1-bdc8-6d36825d23e6,,25899841
119,,oppede,,1,31/07/2020,True,https://www.airbnb.fr/rooms/5934874?location=M%C3%A9nerbes&check_in=2020-07-31&check_out=2020-08-08&previous_page_section_name=1000&federated_search_id=cbf77ab6-06a4-4dc1-bdc8-6d36825d23e6,,5934874
210,2,roussillon,,1,31/07/2020,False,https://www.airbnb.fr/rooms/8332775?location=M%C3%A9nerbes&check_in=2020-07-31&check_out=2020-08-08&previous_page_section_name=1000&federated_search_id=cbf77ab6-06a4-4dc1-bdc8-6d36825d23e6,,8332775
77,,bonnieux,,1,31/07/2020,False,https://www.airbnb.fr/rooms/7173784?location=M%C3%A9nerbes&check_in=2020-07-31&check_out=2020-08-08&previous_page_section_name=1000&federated_search_id=cbf77ab6-06a4-4dc1-bdc8-6d36825d23e6,,7173784
205,2,cheval blanc,,,31/07/2020,False,https://www.airbnb.fr/rooms/20146970?location=M%C3%A9nerbes&check_in=2020-07-31&check_out=2020-08-08&previous_page_section_name=1000&federated_search_id=cbf77ab6-06a4-4dc1-bdc8-6d36825d23e6,,20146970
412,4,lauris,,4,31/07/2020,False,https://www.airbnb.fr/rooms/34136503?location=M%C3%A9nerbes&check_in=2020-07-31&check_out=2020-08-08&previous_page_section_name=1000&federated_search_id=cbf77ab6-06a4-4dc1-bdc8-6d36825d23e6,,34136503
79,,bonnieux,,1,31/07/2020,False,https://www.airbnb.fr/rooms/25089735?location=M%C3%A9nerbes&check_in=2020-07-31&check_out=2020-08-08&previous_page_section_name=1000&federated_search_id=cbf77ab6-06a4-4dc1-bdc8-6d36825d23e6,,25089735
237,3,,,1,31/07/2020,True,https://www.airbnb.fr/rooms/34612184?location=M%C3%A9nerbes&check_in=2020-07-31&check_out=2020-08-08&previous_page_section_name=1000&federated_search_id=cbf77ab6-06a4-4dc1-bdc8-6d36825d23e6,,34612184
44,,cavaillon,,1,31/07/2020,False,https://www.airbnb.fr/rooms/38839178?location=M%C3%A9nerbes&check_in=2020-07-31&check_out=2020-08-08&previous_page_section_name=1000&federated_search_id=cbf77ab6-06a4-4dc1-bdc8-6d36825d23e6,,38839178
189,,lacoste,,1,31/07/2020,False,https://www.airbnb.fr/rooms/2521384?location=M%C3%A9nerbes&check_in=2020-07-31&check_out=2020-08-08&previous_page_section_name=1000&federated_search_id=cbf77ab6-06a4-4dc1-bdc8-6d36825d23e6,,2521384
70,,cadenet,,1,31/07/2020,False,https://www.airbnb.fr/rooms/6650281?location=M%C3%A9nerbes&check_in=2020-07-31&check_out=2020-08-08&previous_page_section_name=1000&federated_search_id=cbf77ab6-06a4-4dc1-bdc8-6d36825d23e6,,6650281
40,,lauris,,1,31/07/2020,False,https://www.airbnb.fr/rooms/14751969?location=M%C3%A9nerbes&check_in=2020-07-31&check_out=2020-08-08&previous_page_section_name=1000&federated_search_id=cbf77ab6-06a4-4dc1-bdc8-6d36825d23e6,villa,14751969
249,2,,,1,31/07/2020,False,https://www.airbnb.fr/rooms/7334658?location=M%C3%A9nerbes&check_in=2020-07-31&check_out=2020-08-08&previous_page_section_name=1000&federated_search_id=cbf77ab6-06a4-4dc1-bdc8-6d36825d23e6,,7334658
368,4,roussillon,,4,31/07/2020,False,https://www.airbnb.fr/rooms/41898969?location=M%C3%A9nerbes&check_in=2020-07-31&check_out=2020-08-08&previous_page_section_name=1000&federated_search_id=cbf77ab6-06a4-4dc1-bdc8-6d36825d23e6,villa,41898969
52,,mallemort,,1,31/07/2020,False,https://www.airbnb.fr/rooms/42772999?location=M%C3%A9nerbes&check_in=2020-07-31&check_out=2020-08-08&previous_page_section_name=1000&federated_search_id=cbf77ab6-06a4-4dc1-bdc8-6d36825d23e6,,42772999
148,2,,,,31/07/2020,False,https://www.airbnb.fr/rooms/14177855?location=M%C3%A9nerbes&check_in=2020-07-31&check_out=2020-08-08&previous_page_section_name=1000&federated_search_id=cbf77ab6-06a4-4dc1-bdc8-6d36825d23e6,,14177855
120,,lacoste,,1,31/07/2020,False,https://www.airbnb.fr/rooms/1048185?location=M%C3%A9nerbes&check_in=2020-07-31&check_out=2020-08-08&previous_page_section_name=1000&federated_search_id=cbf77ab6-06a4-4dc1-bdc8-6d36825d23e6,,1048185
108,2,fontaine de vaucluse,,,31/07/2020,False,https://www.airbnb.fr/rooms/17563941?location=M%C3%A9nerbes&check_in=2020-07-31&check_out=2020-08-08&previous_page_section_name=1000&federated_search_id=cbf77ab6-06a4-4dc1-bdc8-6d36825d23e6,,17563941
75,,apt,,1,31/07/2020,False,https://www.airbnb.fr/rooms/25040845?location=M%C3%A9nerbes&check_in=2020-07-31&check_out=2020-08-08&previous_page_section_name=1000&federated_search_id=cbf77ab6-06a4-4dc1-bdc8-6d36825d23e6,,25040845
249,2,,,1,31/07/2020,False,https://www.airbnb.fr/rooms/7334658?location=M%C3%A9nerbes&check_in=2020-07-31&check_out=2020-08-08&previous_page_section_name=1000&federated_search_id=1fcad4af-7614-40c9-af4e-1ceb00971062,,7334658
60,,cavaillon,,1,31/07/2020,False,https://www.airbnb.fr/rooms/5881421?location=M%C3%A9nerbes&check_in=2020-07-31&check_out=2020-08-08&previous_page_section_name=1000&federated_search_id=1fcad4af-7614-40c9-af4e-1ceb00971062,appartement,5881421
121,2,,,1,31/07/2020,False,https://www.airbnb.fr/rooms/37202976?location=M%C3%A9nerbes&check_in=2020-07-31&check_out=2020-08-08&previous_page_section_name=1000&federated_search_id=1fcad4af-7614-40c9-af4e-1ceb00971062,,37202976
55,,merindol,,1,31/07/2020,False,https://www.airbnb.fr/rooms/2766017?location=M%C3%A9nerbes&check_in=2020-07-31&check_out=2020-08-08&previous_page_section_name=1000&federated_search_id=1fcad4af-7614-40c9-af4e-1ceb00971062,,2766017
63,,,,1,31/07/2020,False,https://www.airbnb.fr/rooms/6253154?location=M%C3%A9nerbes&check_in=2020-07-31&check_out=2020-08-08&previous_page_section_name=1000&federated_search_id=1fcad4af-7614-40c9-af4e-1ceb00971062,,6253154
99,,bonnieux,,1,31/07/2020,False,https://www.airbnb.fr/rooms/11946076?location=M%C3%A9nerbes&check_in=2020-07-31&check_out=2020-08-08&previous_page_section_name=1000&federated_search_id=1fcad4af-7614-40c9-af4e-1ceb00971062,,11946076
95,2,gargas,,5,31/07/2020,False,https://www.airbnb.fr/rooms/24235817?location=M%C3%A9nerbes&check_in=2020-07-31&check_out=2020-08-08&previous_page_section_name=1000&federated_search_id=1fcad4af-7614-40c9-af4e-1ceb00971062,,24235817
159,2,lourmarin,,1,31/07/2020,False,https://www.airbnb.fr/rooms/33534455?location=M%C3%A9nerbes&check_in=2020-07-31&check_out=2020-08-08&previous_page_section_name=1000&federated_search_id=1fcad4af-7614-40c9-af4e-1ceb00971062,,33534455
162,3,,,1,31/07/2020,False,https://www.airbnb.fr/rooms/14134481?location=M%C3%A9nerbes&check_in=2020-07-31&check_out=2020-08-08&previous_page_section_name=1000&federated_search_id=1fcad4af-7614-40c9-af4e-1ceb00971062,,14134481
104,2,lioux,,1,31/07/2020,False,https://www.airbnb.fr/rooms/37835513?location=M%C3%A9nerbes&check_in=2020-07-31&check_out=2020-08-08&previous_page_section_name=1000&federated_search_id=1fcad4af-7614-40c9-af4e-1ceb00971062,,37835513
120,3,gargas,,1,31/07/2020,False,https://www.airbnb.fr/rooms/35362084?location=M%C3%A9nerbes&check_in=2020-07-31&check_out=2020-08-08&previous_page_section_name=1000&federated_search_id=1fcad4af-7614-40c9-af4e-1ceb00971062,,35362084
183,3,maubec,,3,31/07/2020,False,https://www.airbnb.fr/rooms/33820543?location=M%C3%A9nerbes&check_in=2020-07-31&check_out=2020-08-08&previous_page_section_name=1000&federated_search_id=1fcad4af-7614-40c9-af4e-1ceb00971062,,33820543
92,2,apt,,1,31/07/2020,False,https://www.airbnb.fr/rooms/27186217?location=M%C3%A9nerbes&check_in=2020-07-31&check_out=2020-08-08&previous_page_section_name=1000&federated_search_id=1fcad4af-7614-40c9-af4e-1ceb00971062,,27186217
107,,roussillon,,1,31/07/2020,False,https://www.airbnb.fr/rooms/42116043?location=M%C3%A9nerbes&check_in=2020-07-31&check_out=2020-08-08&previous_page_section_name=1000&federated_search_id=1fcad4af-7614-40c9-af4e-1ceb00971062,,42116043
148,3,bonnieux,,,31/07/2020,False,https://www.airbnb.fr/rooms/34734597?location=M%C3%A9nerbes&check_in=2020-07-31&check_out=2020-08-08&previous_page_section_name=1000&federated_search_id=1fcad4af-7614-40c9-af4e-1ceb00971062,,34734597
83,,,,1,31/07/2020,False,https://www.airbnb.fr/rooms/8009516?location=M%C3%A9nerbes&check_in=2020-07-31&check_out=2020-08-08&previous_page_section_name=1000&federated_search_id=1fcad4af-7614-40c9-af4e-1ceb00971062,,8009516
160,,charleval,,,31/07/2020,False,https://www.airbnb.fr/rooms/12934313?location=M%C3%A9nerbes&check_in=2020-07-31&check_out=2020-08-08&previous_page_section_name=1000&federated_search_id=1fcad4af-7614-40c9-af4e-1ceb00971062,,12934313
83,,robion,,1,31/07/2020,False,https://www.airbnb.fr/rooms/17915421?location=M%C3%A9nerbes&check_in=2020-07-31&check_out=2020-08-08&previous_page_section_name=1000&federated_search_id=1fcad4af-7614-40c9-af4e-1ceb00971062,villa,17915421
146,,robion,,1,31/07/2020,False,https://www.airbnb.fr/rooms/26064186?location=M%C3%A9nerbes&check_in=2020-07-31&check_out=2020-08-08&previous_page_section_name=1000&federated_search_id=1fcad4af-7614-40c9-af4e-1ceb00971062,,26064186
285,5,mallemort,,3,31/07/2020,False,https://www.airbnb.fr/rooms/34252469?location=M%C3%A9nerbes&check_in=2020-07-31&check_out=2020-08-08&previous_page_section_name=1000&federated_search_id=1fcad4af-7614-40c9-af4e-1ceb00971062,villa,34252469
285,5,mallemort,,3,31/07/2020,True,https://www.airbnb.fr/rooms/34252469?location=M%C3%A9nerbes&check_in=2020-07-31&check_out=2020-08-08&previous_page_section_name=1000&federated_search_id=29297fd7-6d3d-429f-905d-0b877709ba53,villa,34252469
106,,oppede,,1,31/07/2020,False,https://www.airbnb.fr/rooms/33301355?location=M%C3%A9nerbes&check_in=2020-07-31&check_out=2020-08-08&previous_page_section_name=1000&federated_search_id=29297fd7-6d3d-429f-905d-0b877709ba53,,33301355
379,3,gordes,,,31/07/2020,False,https://www.airbnb.fr/rooms/5416597?location=M%C3%A9nerbes&check_in=2020-07-31&check_out=2020-08-08&previous_page_section_name=1000&federated_search_id=29297fd7-6d3d-429f-905d-0b877709ba53,,5416597
116,3,,,1,31/07/2020,False,https://www.airbnb.fr/rooms/16607236?location=M%C3%A9nerbes&check_in=2020-07-31&check_out=2020-08-08&previous_page_section_name=1000&federated_search_id=29297fd7-6d3d-429f-905d-0b877709ba53,,16607236
556,3,gordes,,5,31/07/2020,False,https://www.airbnb.fr/rooms/32539403?location=M%C3%A9nerbes&check_in=2020-07-31&check_out=2020-08-08&previous_page_section_name=1000&federated_search_id=29297fd7-6d3d-429f-905d-0b877709ba53,,32539403
132,,lagnes,,1,31/07/2020,False,https://www.airbnb.fr/rooms/36581544?location=M%C3%A9nerbes&check_in=2020-07-31&check_out=2020-08-08&previous_page_section_name=1000&federated_search_id=29297fd7-6d3d-429f-905d-0b877709ba53,,36581544
85,,oppede,,1,31/07/2020,False,https://www.airbnb.fr/rooms/30494779?location=M%C3%A9nerbes&check_in=2020-07-31&check_out=2020-08-08&previous_page_section_name=1000&federated_search_id=29297fd7-6d3d-429f-905d-0b877709ba53,,30494779
39,,mallemort,,1,31/07/2020,False,https://www.airbnb.fr/rooms/33359569?location=M%C3%A9nerbes&check_in=2020-07-31&check_out=2020-08-08&previous_page_section_name=1000&federated_search_id=29297fd7-6d3d-429f-905d-0b877709ba53,,33359569
237,2,,,1,31/07/2020,False,https://www.airbnb.fr/rooms/6732060?location=M%C3%A9nerbes&check_in=2020-07-31&check_out=2020-08-08&previous_page_section_name=1000&federated_search_id=29297fd7-6d3d-429f-905d-0b877709ba53,,6732060
214,,menerbes,,1,31/07/2020,False,https://www.airbnb.fr/rooms/11921270?location=M%C3%A9nerbes&check_in=2020-07-31&check_out=2020-08-08&previous_page_section_name=1000&federated_search_id=29297fd7-6d3d-429f-905d-0b877709ba53,,11921270
39,,cheval blanc,,1,31/07/2020,True,https://www.airbnb.fr/rooms/3285347?location=M%C3%A9nerbes&check_in=2020-07-31&check_out=2020-08-08&previous_page_section_name=1000&federated_search_id=29297fd7-6d3d-429f-905d-0b877709ba53,,3285347
62,,,,1,31/07/2020,False,https://www.airbnb.fr/rooms/25162761?location=M%C3%A9nerbes&check_in=2020-07-31&check_out=2020-08-08&previous_page_section_name=1000&federated_search_id=29297fd7-6d3d-429f-905d-0b877709ba53,,25162761
126,2,roussillon,,1,31/07/2020,False,https://www.airbnb.fr/rooms/19869698?location=M%C3%A9nerbes&check_in=2020-07-31&check_out=2020-08-08&previous_page_section_name=1000&federated_search_id=29297fd7-6d3d-429f-905d-0b877709ba53,appartement,19869698
962,6,bonnieux,,4,31/07/2020,True,https://www.airbnb.fr/rooms/42265635?location=M%C3%A9nerbes&check_in=2020-07-31&check_out=2020-08-08&previous_page_section_name=1000&federated_search_id=29297fd7-6d3d-429f-905d-0b877709ba53,,42265635
279,3,,,,31/07/2020,False,https://www.airbnb.fr/rooms/19085240?location=M%C3%A9nerbes&check_in=2020-07-31&check_out=2020-08-08&previous_page_section_name=1000&federated_search_id=29297fd7-6d3d-429f-905d-0b877709ba53,villa,19085240
67,,gordes,,1,31/07/2020,False,https://www.airbnb.fr/rooms/24339565?location=M%C3%A9nerbes&check_in=2020-07-31&check_out=2020-08-08&previous_page_section_name=1000&federated_search_id=29297fd7-6d3d-429f-905d-0b877709ba53,,24339565
325,3,merindol,,,31/07/2020,False,https://www.airbnb.fr/rooms/33672101?location=M%C3%A9nerbes&check_in=2020-07-31&check_out=2020-08-08&previous_page_section_name=1000&federated_search_id=29297fd7-6d3d-429f-905d-0b877709ba53,,33672101
354,2,menerbes,,,31/07/2020,True,https://www.airbnb.fr/rooms/23795161?location=M%C3%A9nerbes&check_in=2020-07-31&check_out=2020-08-08&previous_page_section_name=1000&federated_search_id=29297fd7-6d3d-429f-905d-0b877709ba53,,23795161
142,,menerbes,,1,31/07/2020,False,https://www.airbnb.fr/rooms/5147271?location=M%C3%A9nerbes&check_in=2020-07-31&check_out=2020-08-08&previous_page_section_name=1000&federated_search_id=29297fd7-6d3d-429f-905d-0b877709ba53,,5147271
216,2,gordes,,1,31/07/2020,False,https://www.airbnb.fr/rooms/2964952?location=M%C3%A9nerbes&check_in=2020-07-31&check_out=2020-08-08&previous_page_section_name=1000&federated_search_id=29297fd7-6d3d-429f-905d-0b877709ba53,,2964952
96,,roussillon,,1,31/07/2020,False,https://www.airbnb.fr/rooms/19844848?location=M%C3%A9nerbes&check_in=2020-07-31&check_out=2020-08-08&previous_page_section_name=1000&federated_search_id=f53a1953-c3a3-4443-9d3e-53644ccc1be7,,19844848
84,,fontaine de vaucluse,,1,31/07/2020,False,https://www.airbnb.fr/rooms/13892074?location=M%C3%A9nerbes&check_in=2020-07-31&check_out=2020-08-08&previous_page_section_name=1000&federated_search_id=f53a1953-c3a3-4443-9d3e-53644ccc1be7,,13892074
127,,oppede,,1,31/07/2020,False,https://www.airbnb.fr/rooms/1032298?location=M%C3%A9nerbes&check_in=2020-07-31&check_out=2020-08-08&previous_page_section_name=1000&federated_search_id=f53a1953-c3a3-4443-9d3e-53644ccc1be7,,1032298
70,,gargas,,,31/07/2020,False,https://www.airbnb.fr/rooms/25766019?location=M%C3%A9nerbes&check_in=2020-07-31&check_out=2020-08-08&previous_page_section_name=1000&federated_search_id=f53a1953-c3a3-4443-9d3e-53644ccc1be7,,25766019
130,3,apt,,,31/07/2020,False,https://www.airbnb.fr/rooms/5199406?location=M%C3%A9nerbes&check_in=2020-07-31&check_out=2020-08-08&previous_page_section_name=1000&federated_search_id=f53a1953-c3a3-4443-9d3e-53644ccc1be7,villa,5199406
388,4,gordes,,,31/07/2020,False,https://www.airbnb.fr/rooms/21288203?location=M%C3%A9nerbes&check_in=2020-07-31&check_out=2020-08-08&previous_page_section_name=1000&federated_search_id=f53a1953-c3a3-4443-9d3e-53644ccc1be7,,21288203
114,,gordes,,,31/07/2020,False,https://www.airbnb.fr/rooms/2153024?location=M%C3%A9nerbes&check_in=2020-07-31&check_out=2020-08-08&previous_page_section_name=1000&federated_search_id=f53a1953-c3a3-4443-9d3e-53644ccc1be7,,2153024
115,,murs,,,31/07/2020,False,https://www.airbnb.fr/rooms/16120569?location=M%C3%A9nerbes&check_in=2020-07-31&check_out=2020-08-08&previous_page_section_name=1000&federated_search_id=f53a1953-c3a3-4443-9d3e-53644ccc1be7,,16120569
474,5,cavaillon,,3,31/07/2020,True,https://www.airbnb.fr/rooms/1247851?location=M%C3%A9nerbes&check_in=2020-07-31&check_out=2020-08-08&previous_page_section_name=1000&federated_search_id=f53a1953-c3a3-4443-9d3e-53644ccc1be7,,1247851
88,,,,1,31/07/2020,False,https://www.airbnb.fr/rooms/41762307?location=M%C3%A9nerbes&check_in=2020-07-31&check_out=2020-08-08&previous_page_section_name=1000&federated_search_id=f53a1953-c3a3-4443-9d3e-53644ccc1be7,,41762307
145,2,apt,,5,31/07/2020,False,https://www.airbnb.fr/rooms/16839133?location=M%C3%A9nerbes&check_in=2020-07-31&check_out=2020-08-08&previous_page_section_name=1000&federated_search_id=f53a1953-c3a3-4443-9d3e-53644ccc1be7,,16839133
100,,cavaillon,,1,31/07/2020,False,https://www.airbnb.fr/rooms/2955246?location=M%C3%A9nerbes&check_in=2020-07-31&check_out=2020-08-08&previous_page_section_name=1000&federated_search_id=f53a1953-c3a3-4443-9d3e-53644ccc1be7,appartement,2955246
56,,merindol,,1,31/07/2020,False,https://www.airbnb.fr/rooms/34249595?location=M%C3%A9nerbes&check_in=2020-07-31&check_out=2020-08-08&previous_page_section_name=1000&federated_search_id=f53a1953-c3a3-4443-9d3e-53644ccc1be7,,34249595
178,3,puget,,,31/07/2020,True,https://www.airbnb.fr/rooms/18991495?location=M%C3%A9nerbes&check_in=2020-07-31&check_out=2020-08-08&previous_page_section_name=1000&federated_search_id=f53a1953-c3a3-4443-9d3e-53644ccc1be7,villa,18991495
148,,lacoste,,1,31/07/2020,True,https://www.airbnb.fr/rooms/28510978?location=M%C3%A9nerbes&check_in=2020-07-31&check_out=2020-08-08&previous_page_section_name=1000&federated_search_id=f53a1953-c3a3-4443-9d3e-53644ccc1be7,,28510978
111,,robion,,1,31/07/2020,False,https://www.airbnb.fr/rooms/19218894?location=M%C3%A9nerbes&check_in=2020-07-31&check_out=2020-08-08&previous_page_section_name=1000&federated_search_id=f53a1953-c3a3-4443-9d3e-53644ccc1be7,,19218894
107,,,,1,31/07/2020,False,https://www.airbnb.fr/rooms/33103947?location=M%C3%A9nerbes&check_in=2020-07-31&check_out=2020-08-08&previous_page_section_name=1000&federated_search_id=f53a1953-c3a3-4443-9d3e-53644ccc1be7,,33103947
586,6,gargas,,3,31/07/2020,False,https://www.airbnb.fr/rooms/26469688?location=M%C3%A9nerbes&check_in=2020-07-31&check_out=2020-08-08&previous_page_section_name=1000&federated_search_id=f53a1953-c3a3-4443-9d3e-53644ccc1be7,,26469688
242,2,apt,,,31/07/2020,False,https://www.airbnb.fr/rooms/35540622?location=M%C3%A9nerbes&check_in=2020-07-31&check_out=2020-08-08&previous_page_section_name=1000&federated_search_id=f53a1953-c3a3-4443-9d3e-53644ccc1be7,,35540622
444,4,apt,,5,31/07/2020,False,https://www.airbnb.fr/rooms/32101962?location=M%C3%A9nerbes&check_in=2020-07-31&check_out=2020-08-08&previous_page_section_name=1000&federated_search_id=f53a1953-c3a3-4443-9d3e-53644ccc1be7,,32101962
160,,charleval,,,31/07/2020,True,https://www.airbnb.fr/rooms/12934313?location=M%C3%A9nerbes&check_in=2020-07-31&check_out=2020-08-08&previous_page_section_name=1000&federated_search_id=c6b53f0d-40b6-4d67-8ead-5e3715a9bf7b,,12934313
127,,oppede,,1,31/07/2020,False,https://www.airbnb.fr/rooms/1032298?location=M%C3%A9nerbes&check_in=2020-07-31&check_out=2020-08-08&previous_page_section_name=1000&federated_search_id=c6b53f0d-40b6-4d67-8ead-5e3715a9bf7b,,1032298
70,,gargas,,,31/07/2020,False,https://www.airbnb.fr/rooms/25766019?location=M%C3%A9nerbes&check_in=2020-07-31&check_out=2020-08-08&previous_page_section_name=1000&federated_search_id=c6b53f0d-40b6-4d67-8ead-5e3715a9bf7b,,25766019
208,2,merindol,,1,31/07/2020,False,https://www.airbnb.fr/rooms/31483090?location=M%C3%A9nerbes&check_in=2020-07-31&check_out=2020-08-08&previous_page_section_name=1000&federated_search_id=c6b53f0d-40b6-4d67-8ead-5e3715a9bf7b,,31483090
130,3,apt,,,31/07/2020,False,https://www.airbnb.fr/rooms/5199406?location=M%C3%A9nerbes&check_in=2020-07-31&check_out=2020-08-08&previous_page_section_name=1000&federated_search_id=c6b53f0d-40b6-4d67-8ead-5e3715a9bf7b,villa,5199406
183,,apt,,1,31/07/2020,True,https://www.airbnb.fr/rooms/21961923?location=M%C3%A9nerbes&check_in=2020-07-31&check_out=2020-08-08&previous_page_section_name=1000&federated_search_id=c6b53f0d-40b6-4d67-8ead-5e3715a9bf7b,,21961923
176,,menerbes,,1,31/07/2020,True,https://www.airbnb.fr/rooms/33873474?location=M%C3%A9nerbes&check_in=2020-07-31&check_out=2020-08-08&previous_page_section_name=1000&federated_search_id=c6b53f0d-40b6-4d67-8ead-5e3715a9bf7b,,33873474
121,2,,,1,31/07/2020,False,https://www.airbnb.fr/rooms/37202976?location=M%C3%A9nerbes&check_in=2020-07-31&check_out=2020-08-08&previous_page_section_name=1000&federated_search_id=c6b53f0d-40b6-4d67-8ead-5e3715a9bf7b,,37202976
108,2,fontaine de vaucluse,,,31/07/2020,False,https://www.airbnb.fr/rooms/17563941?location=M%C3%A9nerbes&check_in=2020-07-31&check_out=2020-08-08&previous_page_section_name=1000&federated_search_id=c6b53f0d-40b6-4d67-8ead-5e3715a9bf7b,,17563941
88,,,,1,31/07/2020,False,https://www.airbnb.fr/rooms/41762307?location=M%C3%A9nerbes&check_in=2020-07-31&check_out=2020-08-08&previous_page_section_name=1000&federated_search_id=c6b53f0d-40b6-4d67-8ead-5e3715a9bf7b,,41762307
100,,cavaillon,,1,31/07/2020,False,https://www.airbnb.fr/rooms/2955246?location=M%C3%A9nerbes&check_in=2020-07-31&check_out=2020-08-08&previous_page_section_name=1000&federated_search_id=c6b53f0d-40b6-4d67-8ead-5e3715a9bf7b,appartement,2955246
195,4,murs,,5,31/07/2020,False,https://www.airbnb.fr/rooms/12238524?location=M%C3%A9nerbes&check_in=2020-07-31&check_out=2020-08-08&previous_page_section_name=1000&federated_search_id=c6b53f0d-40b6-4d67-8ead-5e3715a9bf7b,villa,12238524
148,,lacoste,,1,31/07/2020,True,https://www.airbnb.fr/rooms/28510978?location=M%C3%A9nerbes&check_in=2020-07-31&check_out=2020-08-08&previous_page_section_name=1000&federated_search_id=c6b53f0d-40b6-4d67-8ead-5e3715a9bf7b,,28510978
107,,,,1,31/07/2020,False,https://www.airbnb.fr/rooms/33103947?location=M%C3%A9nerbes&check_in=2020-07-31&check_out=2020-08-08&previous_page_section_name=1000&federated_search_id=c6b53f0d-40b6-4d67-8ead-5e3715a9bf7b,,33103947
586,6,gargas,,3,31/07/2020,True,https://www.airbnb.fr/rooms/26469688?location=M%C3%A9nerbes&check_in=2020-07-31&check_out=2020-08-08&previous_page_section_name=1000&federated_search_id=c6b53f0d-40b6-4d67-8ead-5e3715a9bf7b,,26469688
40,,lauris,,1,31/07/2020,False,https://www.airbnb.fr/rooms/14751969?location=M%C3%A9nerbes&check_in=2020-07-31&check_out=2020-08-08&previous_page_section_name=1000&federated_search_id=c6b53f0d-40b6-4d67-8ead-5e3715a9bf7b,villa,14751969
242,2,apt,,,31/07/2020,True,https://www.airbnb.fr/rooms/35540622?location=M%C3%A9nerbes&check_in=2020-07-31&check_out=2020-08-08&previous_page_section_name=1000&federated_search_id=c6b53f0d-40b6-4d67-8ead-5e3715a9bf7b,,35540622
56,,merindol,,1,31/07/2020,False,https://www.airbnb.fr/rooms/34249595?location=M%C3%A9nerbes&check_in=2020-07-31&check_out=2020-08-08&previous_page_section_name=1000&federated_search_id=c6b53f0d-40b6-4d67-8ead-5e3715a9bf7b,,34249595
492,5,goult,,4,31/07/2020,False,https://www.airbnb.fr/rooms/3224682?location=M%C3%A9nerbes&check_in=2020-07-31&check_out=2020-08-08&previous_page_section_name=1000&federated_search_id=c6b53f0d-40b6-4d67-8ead-5e3715a9bf7b,,3224682
444,4,apt,,5,31/07/2020,False,https://www.airbnb.fr/rooms/32101962?location=M%C3%A9nerbes&check_in=2020-07-31&check_out=2020-08-08&previous_page_section_name=1000&federated_search_id=c6b53f0d-40b6-4d67-8ead-5e3715a9bf7b,,32101962
388,4,gordes,,,31/07/2020,False,https://www.airbnb.fr/rooms/21288203?location=M%C3%A9nerbes&check_in=2020-07-31&check_out=2020-08-08&previous_page_section_name=1000&federated_search_id=59abdac5-b147-4191-9f5d-cf6e97f0eaf4,,21288203
492,5,goult,,4,31/07/2020,True,https://www.airbnb.fr/rooms/3224682?location=M%C3%A9nerbes&check_in=2020-07-31&check_out=2020-08-08&previous_page_section_name=1000&federated_search_id=59abdac5-b147-4191-9f5d-cf6e97f0eaf4,,3224682
116,,,,1,31/07/2020,False,https://www.airbnb.fr/rooms/29534770?location=M%C3%A9nerbes&check_in=2020-07-31&check_out=2020-08-08&previous_page_section_name=1000&federated_search_id=59abdac5-b147-4191-9f5d-cf6e97f0eaf4,,29534770
101,,robion,,1,31/07/2020,False,https://www.airbnb.fr/rooms/6816007?location=M%C3%A9nerbes&check_in=2020-07-31&check_out=2020-08-08&previous_page_section_name=1000&federated_search_id=59abdac5-b147-4191-9f5d-cf6e97f0eaf4,,6816007
95,,,,1,31/07/2020,False,https://www.airbnb.fr/rooms/37448200?location=M%C3%A9nerbes&check_in=2020-07-31&check_out=2020-08-08&previous_page_section_name=1000&federated_search_id=59abdac5-b147-4191-9f5d-cf6e97f0eaf4,,37448200
37,,,,1,31/07/2020,False,https://www.airbnb.fr/rooms/34491826?location=M%C3%A9nerbes&check_in=2020-07-31&check_out=2020-08-08&previous_page_section_name=1000&federated_search_id=59abdac5-b147-4191-9f5d-cf6e97f0eaf4,,34491826
120,,lacoste,,1,31/07/2020,False,https://www.airbnb.fr/rooms/1038926?location=M%C3%A9nerbes&check_in=2020-07-31&check_out=2020-08-08&previous_page_section_name=1000&federated_search_id=59abdac5-b147-4191-9f5d-cf6e97f0eaf4,,1038926
88,,maubec,,1,31/07/2020,False,https://www.airbnb.fr/rooms/38719744?location=M%C3%A9nerbes&check_in=2020-07-31&check_out=2020-08-08&previous_page_section_name=1000&federated_search_id=59abdac5-b147-4191-9f5d-cf6e97f0eaf4,,38719744
96,,,,1,31/07/2020,False,https://www.airbnb.fr/rooms/41048000?location=M%C3%A9nerbes&check_in=2020-07-31&check_out=2020-08-08&previous_page_section_name=1000&federated_search_id=59abdac5-b147-4191-9f5d-cf6e97f0eaf4,,41048000
86,,apt,,1,31/07/2020,False,https://www.airbnb.fr/rooms/25543686?location=M%C3%A9nerbes&check_in=2020-07-31&check_out=2020-08-08&previous_page_section_name=1000&federated_search_id=59abdac5-b147-4191-9f5d-cf6e97f0eaf4,,25543686
114,,robion,,1,31/07/2020,True,https://www.airbnb.fr/rooms/42616970?location=M%C3%A9nerbes&check_in=2020-07-31&check_out=2020-08-08&previous_page_section_name=1000&federated_search_id=59abdac5-b147-4191-9f5d-cf6e97f0eaf4,,42616970
60,2,senas,,1,31/07/2020,False,https://www.airbnb.fr/rooms/40273303?location=M%C3%A9nerbes&check_in=2020-07-31&check_out=2020-08-08&previous_page_section_name=1000&federated_search_id=59abdac5-b147-4191-9f5d-cf6e97f0eaf4,,40273303
138,3,,,,31/07/2020,False,https://www.airbnb.fr/rooms/24371334?location=M%C3%A9nerbes&check_in=2020-07-31&check_out=2020-08-08&previous_page_section_name=1000&federated_search_id=59abdac5-b147-4191-9f5d-cf6e97f0eaf4,villa,24371334
98,2,,,1,31/07/2020,False,https://www.airbnb.fr/rooms/18892778?location=M%C3%A9nerbes&check_in=2020-07-31&check_out=2020-08-08&previous_page_section_name=1000&federated_search_id=59abdac5-b147-4191-9f5d-cf6e97f0eaf4,,18892778
61,,mallemort,,1,31/07/2020,False,https://www.airbnb.fr/rooms/36446700?location=M%C3%A9nerbes&check_in=2020-07-31&check_out=2020-08-08&previous_page_section_name=1000&federated_search_id=59abdac5-b147-4191-9f5d-cf6e97f0eaf4,,36446700
75,,apt,,1,31/07/2020,False,https://www.airbnb.fr/rooms/13823534?location=M%C3%A9nerbes&check_in=2020-07-31&check_out=2020-08-08&previous_page_section_name=1000&federated_search_id=59abdac5-b147-4191-9f5d-cf6e97f0eaf4,,13823534
294,2,robion,,1,31/07/2020,True,https://www.airbnb.fr/rooms/5688965?location=M%C3%A9nerbes&check_in=2020-07-31&check_out=2020-08-08&previous_page_section_name=1000&federated_search_id=59abdac5-b147-4191-9f5d-cf6e97f0eaf4,,5688965
43,,bonnieux,,1,31/07/2020,False,https://www.airbnb.fr/rooms/25321958?location=M%C3%A9nerbes&check_in=2020-07-31&check_out=2020-08-08&previous_page_section_name=1000&federated_search_id=59abdac5-b147-4191-9f5d-cf6e97f0eaf4,,25321958
97,2,,,1,31/07/2020,False,https://www.airbnb.fr/rooms/35724791?location=M%C3%A9nerbes&check_in=2020-07-31&check_out=2020-08-08&previous_page_section_name=1000&federated_search_id=59abdac5-b147-4191-9f5d-cf6e97f0eaf4,,35724791
422,3,oppede,,,31/07/2020,True,https://www.airbnb.fr/rooms/36867476?location=M%C3%A9nerbes&check_in=2020-07-31&check_out=2020-08-08&previous_page_section_name=1000&federated_search_id=59abdac5-b147-4191-9f5d-cf6e97f0eaf4,,36867476
38,,robion,,1,31/07/2020,False,https://www.airbnb.fr/rooms/34463840?location=M%C3%A9nerbes&check_in=2020-07-31&check_out=2020-08-08&previous_page_section_name=1000&federated_search_id=2e762ae2-92d1-40fe-8c44-23b9dad8d978,,34463840
159,4,,,5,31/07/2020,False,https://www.airbnb.fr/rooms/43340016?location=M%C3%A9nerbes&check_in=2020-07-31&check_out=2020-08-08&previous_page_section_name=1000&federated_search_id=2e762ae2-92d1-40fe-8c44-23b9dad8d978,villa,43340016
49,,apt,,1,31/07/2020,False,https://www.airbnb.fr/rooms/19599663?location=M%C3%A9nerbes&check_in=2020-07-31&check_out=2020-08-08&previous_page_section_name=1000&federated_search_id=2e762ae2-92d1-40fe-8c44-23b9dad8d978,,19599663
119,,lourmarin,,1,31/07/2020,False,https://www.airbnb.fr/rooms/8637888?location=M%C3%A9nerbes&check_in=2020-07-31&check_out=2020-08-08&previous_page_section_name=1000&federated_search_id=2e762ae2-92d1-40fe-8c44-23b9dad8d978,,8637888
120,,apt,,1,31/07/2020,False,https://www.airbnb.fr/rooms/35359844?location=M%C3%A9nerbes&check_in=2020-07-31&check_out=2020-08-08&previous_page_section_name=1000&federated_search_id=2e762ae2-92d1-40fe-8c44-23b9dad8d978,,35359844
183,,apt,,1,31/07/2020,False,https://www.airbnb.fr/rooms/21961923?location=M%C3%A9nerbes&check_in=2020-07-31&check_out=2020-08-08&previous_page_section_name=1000&federated_search_id=2e762ae2-92d1-40fe-8c44-23b9dad8d978,,21961923
76,2,mallemort,,1,31/07/2020,False,https://www.airbnb.fr/rooms/15216687?location=M%C3%A9nerbes&check_in=2020-07-31&check_out=2020-08-08&previous_page_section_name=1000&federated_search_id=2e762ae2-92d1-40fe-8c44-23b9dad8d978,appartement,15216687
157,,apt,,1,31/07/2020,True,https://www.airbnb.fr/rooms/1927489?location=M%C3%A9nerbes&check_in=2020-07-31&check_out=2020-08-08&previous_page_section_name=1000&federated_search_id=2e762ae2-92d1-40fe-8c44-23b9dad8d978,,1927489
177,2,fontaine de vaucluse,,1,31/07/2020,True,https://www.airbnb.fr/rooms/12964934?location=M%C3%A9nerbes&check_in=2020-07-31&check_out=2020-08-08&previous_page_section_name=1000&federated_search_id=2e762ae2-92d1-40fe-8c44-23b9dad8d978,,12964934
84,,senas,,1,31/07/2020,False,https://www.airbnb.fr/rooms/24034470?location=M%C3%A9nerbes&check_in=2020-07-31&check_out=2020-08-08&previous_page_section_name=1000&federated_search_id=2e762ae2-92d1-40fe-8c44-23b9dad8d978,,24034470
152,2,oppede,,1,31/07/2020,False,https://www.airbnb.fr/rooms/1172410?location=M%C3%A9nerbes&check_in=2020-07-31&check_out=2020-08-08&previous_page_section_name=1000&federated_search_id=2e762ae2-92d1-40fe-8c44-23b9dad8d978,,1172410
880,5,bonnieux,,5,31/07/2020,True,https://www.airbnb.fr/rooms/40737015?location=M%C3%A9nerbes&check_in=2020-07-31&check_out=2020-08-08&previous_page_section_name=1000&federated_search_id=2e762ae2-92d1-40fe-8c44-23b9dad8d978,,40737015
62,,taillades,,1,31/07/2020,False,https://www.airbnb.fr/rooms/39501605?location=M%C3%A9nerbes&check_in=2020-07-31&check_out=2020-08-08&previous_page_section_name=1000&federated_search_id=2e762ae2-92d1-40fe-8c44-23b9dad8d978,appartement,39501605
223,2,oppede,,,31/07/2020,False,https://www.airbnb.fr/rooms/32531554?location=M%C3%A9nerbes&check_in=2020-07-31&check_out=2020-08-08&previous_page_section_name=1000&federated_search_id=2e762ae2-92d1-40fe-8c44-23b9dad8d978,,32531554
46,,,,1,31/07/2020,False,https://www.airbnb.fr/rooms/27801193?location=M%C3%A9nerbes&check_in=2020-07-31&check_out=2020-08-08&previous_page_section_name=1000&federated_search_id=2e762ae2-92d1-40fe-8c44-23b9dad8d978,,27801193
436,4,fontaine de vaucluse,,,31/07/2020,False,https://www.airbnb.fr/rooms/26487938?location=M%C3%A9nerbes&check_in=2020-07-31&check_out=2020-08-08&previous_page_section_name=1000&federated_search_id=2e762ae2-92d1-40fe-8c44-23b9dad8d978,,26487938
49,,apt,,1,31/07/2020,True,https://www.airbnb.fr/rooms/34310993?location=M%C3%A9nerbes&check_in=2020-07-31&check_out=2020-08-08&previous_page_section_name=1000&federated_search_id=2e762ae2-92d1-40fe-8c44-23b9dad8d978,,34310993
176,3,apt,,,31/07/2020,False,https://www.airbnb.fr/rooms/38016334?location=M%C3%A9nerbes&check_in=2020-07-31&check_out=2020-08-08&previous_page_section_name=1000&federated_search_id=2e762ae2-92d1-40fe-8c44-23b9dad8d978,,38016334
149,,maubec,,1,31/07/2020,False,https://www.airbnb.fr/rooms/35138228?location=M%C3%A9nerbes&check_in=2020-07-31&check_out=2020-08-08&previous_page_section_name=1000&federated_search_id=2e762ae2-92d1-40fe-8c44-23b9dad8d978,,35138228
31,,,,1,31/07/2020,False,https://www.airbnb.fr/rooms/26946359?location=M%C3%A9nerbes&check_in=2020-07-31&check_out=2020-08-08&previous_page_section_name=1000&federated_search_id=2e762ae2-92d1-40fe-8c44-23b9dad8d978,,26946359
249,3,apt,,3,31/07/2020,True,https://www.airbnb.fr/rooms/42554463?location=M%C3%A9nerbes&check_in=2020-07-31&check_out=2020-08-08&previous_page_section_name=1000&federated_search_id=690a85c5-37b2-42cf-b07f-fcccb432b69c,villa,42554463
366,2,gordes,,5,31/07/2020,False,https://www.airbnb.fr/rooms/20464285?location=M%C3%A9nerbes&check_in=2020-07-31&check_out=2020-08-08&previous_page_section_name=1000&federated_search_id=690a85c5-37b2-42cf-b07f-fcccb432b69c,villa,20464285
64,,cadenet,,1,31/07/2020,False,https://www.airbnb.fr/rooms/42267606?location=M%C3%A9nerbes&check_in=2020-07-31&check_out=2020-08-08&previous_page_section_name=1000&federated_search_id=690a85c5-37b2-42cf-b07f-fcccb432b69c,villa,42267606
143,2,lacoste,,,31/07/2020,False,https://www.airbnb.fr/rooms/35557935?location=M%C3%A9nerbes&check_in=2020-07-31&check_out=2020-08-08&previous_page_section_name=1000&federated_search_id=690a85c5-37b2-42cf-b07f-fcccb432b69c,,35557935
547,4,apt,,3,31/07/2020,False,https://www.airbnb.fr/rooms/6195182?location=M%C3%A9nerbes&check_in=2020-07-31&check_out=2020-08-08&previous_page_section_name=1000&federated_search_id=690a85c5-37b2-42cf-b07f-fcccb432b69c,,6195182
212,2,robion,,1,31/07/2020,True,https://www.airbnb.fr/rooms/34643017?location=M%C3%A9nerbes&check_in=2020-07-31&check_out=2020-08-08&previous_page_section_name=1000&federated_search_id=690a85c5-37b2-42cf-b07f-fcccb432b69c,,34643017
80,,fontaine de vaucluse,,1,31/07/2020,False,https://www.airbnb.fr/rooms/35870659?location=M%C3%A9nerbes&check_in=2020-07-31&check_out=2020-08-08&previous_page_section_name=1000&federated_search_id=690a85c5-37b2-42cf-b07f-fcccb432b69c,appartement,35870659
81,,robion,,1,31/07/2020,False,https://www.airbnb.fr/rooms/7829098?location=M%C3%A9nerbes&check_in=2020-07-31&check_out=2020-08-08&previous_page_section_name=1000&federated_search_id=690a85c5-37b2-42cf-b07f-fcccb432b69c,,7829098
112,,lauris,,1,31/07/2020,False,https://www.airbnb.fr/rooms/39055770?location=M%C3%A9nerbes&check_in=2020-07-31&check_out=2020-08-08&previous_page_section_name=1000&federated_search_id=690a85c5-37b2-42cf-b07f-fcccb432b69c,,39055770
91,2,apt,,1,31/07/2020,False,https://www.airbnb.fr/rooms/31848062?location=M%C3%A9nerbes&check_in=2020-07-31&check_out=2020-08-08&previous_page_section_name=1000&federated_search_id=690a85c5-37b2-42cf-b07f-fcccb432b69c,,31848062
127,2,cheval blanc,,1,31/07/2020,False,https://www.airbnb.fr/rooms/25226176?location=M%C3%A9nerbes&check_in=2020-07-31&check_out=2020-08-08&previous_page_section_name=1000&federated_search_id=690a85c5-37b2-42cf-b07f-fcccb432b69c,,25226176
320,2,goult,,1,31/07/2020,False,https://www.airbnb.fr/rooms/34612615?location=M%C3%A9nerbes&check_in=2020-07-31&check_out=2020-08-08&previous_page_section_name=1000&federated_search_id=690a85c5-37b2-42cf-b07f-fcccb432b69c,,34612615
103,,,,1,31/07/2020,False,https://www.airbnb.fr/rooms/32688961?location=M%C3%A9nerbes&check_in=2020-07-31&check_out=2020-08-08&previous_page_section_name=1000&federated_search_id=690a85c5-37b2-42cf-b07f-fcccb432b69c,,32688961
181,,gordes,,1,31/07/2020,False,https://www.airbnb.fr/rooms/7030896?location=M%C3%A9nerbes&check_in=2020-07-31&check_out=2020-08-08&previous_page_section_name=1000&federated_search_id=690a85c5-37b2-42cf-b07f-fcccb432b69c,appartement,7030896
75,,,,1,31/07/2020,False,https://www.airbnb.fr/rooms/9288974?location=M%C3%A9nerbes&check_in=2020-07-31&check_out=2020-08-08&previous_page_section_name=1000&federated_search_id=690a85c5-37b2-42cf-b07f-fcccb432b69c,,9288974
72,,,,1,31/07/2020,False,https://www.airbnb.fr/rooms/25837566?location=M%C3%A9nerbes&check_in=2020-07-31&check_out=2020-08-08&previous_page_section_name=1000&federated_search_id=690a85c5-37b2-42cf-b07f-fcccb432b69c,,25837566
74,2,,,,31/07/2020,False,https://www.airbnb.fr/rooms/13209986?location=M%C3%A9nerbes&check_in=2020-07-31&check_out=2020-08-08&previous_page_section_name=1000&federated_search_id=690a85c5-37b2-42cf-b07f-fcccb432b69c,villa,13209986
115,,cadenet,,1,31/07/2020,False,https://www.airbnb.fr/rooms/34347663?location=M%C3%A9nerbes&check_in=2020-07-31&check_out=2020-08-08&previous_page_section_name=1000&federated_search_id=690a85c5-37b2-42cf-b07f-fcccb432b69c,,34347663
110,,,,1,31/07/2020,True,https://www.airbnb.fr/rooms/7278739?location=M%C3%A9nerbes&check_in=2020-07-31&check_out=2020-08-08&previous_page_section_name=1000&federated_search_id=690a85c5-37b2-42cf-b07f-fcccb432b69c,,7278739
115,,lioux,,1,31/07/2020,False,https://www.airbnb.fr/rooms/32945314?location=M%C3%A9nerbes&check_in=2020-07-31&check_out=2020-08-08&previous_page_section_name=1000&federated_search_id=690a85c5-37b2-42cf-b07f-fcccb432b69c,,32945314
