pricePerNight,nbChambres,city,zipCode,nbSallesDeBain,Date,piscine,url,id
27,,,,1,30/06/2020,False,https://www.airbnb.fr/rooms/39222166?location=Yvetot&checkout=&check_in=2020-06-30&previous_page_section_name=1000&federated_search_id=d067c147-d5ad-4438-b843-b027197b11d8,39222166
36,,,,,30/06/2020,False,https://www.airbnb.fr/rooms/8880531?location=Yvetot&checkout=&check_in=2020-06-30&previous_page_section_name=1000&federated_search_id=d067c147-d5ad-4438-b843-b027197b11d8,8880531
24,,,,1,30/06/2020,False,https://www.airbnb.fr/rooms/15216041?location=Yvetot&checkout=&check_in=2020-06-30&previous_page_section_name=1000&federated_search_id=d067c147-d5ad-4438-b843-b027197b11d8,15216041
35,,,,1,30/06/2020,False,https://www.airbnb.fr/rooms/31665130?location=Yvetot&checkout=&check_in=2020-06-30&previous_page_section_name=1000&federated_search_id=d067c147-d5ad-4438-b843-b027197b11d8,31665130
52,,,,1,30/06/2020,False,https://www.airbnb.fr/rooms/27187621?location=Yvetot&checkout=&check_in=2020-06-30&previous_page_section_name=1000&federated_search_id=d067c147-d5ad-4438-b843-b027197b11d8,27187621
65,,,,,30/06/2020,False,https://www.airbnb.fr/rooms/18185325?location=Yvetot&checkout=&check_in=2020-06-30&previous_page_section_name=1000&federated_search_id=d067c147-d5ad-4438-b843-b027197b11d8,18185325
39,,,,1,30/06/2020,False,https://www.airbnb.fr/rooms/29792021?location=Yvetot&checkout=&check_in=2020-06-30&previous_page_section_name=1000&federated_search_id=d067c147-d5ad-4438-b843-b027197b11d8,29792021
29,,,,1,30/06/2020,False,https://www.airbnb.fr/rooms/31701493?location=Yvetot&checkout=&check_in=2020-06-30&previous_page_section_name=1000&federated_search_id=d067c147-d5ad-4438-b843-b027197b11d8,31701493
53,3,,,,30/06/2020,False,https://www.airbnb.fr/rooms/21305081?location=Yvetot&checkout=&check_in=2020-06-30&previous_page_section_name=1000&federated_search_id=d067c147-d5ad-4438-b843-b027197b11d8,21305081
44,,,,1,30/06/2020,False,https://www.airbnb.fr/rooms/2681091?location=Yvetot&checkout=&check_in=2020-06-30&previous_page_section_name=1000&federated_search_id=d067c147-d5ad-4438-b843-b027197b11d8,2681091
46,,,,1,30/06/2020,False,https://www.airbnb.fr/rooms/15064978?location=Yvetot&checkout=&check_in=2020-06-30&previous_page_section_name=1000&federated_search_id=d067c147-d5ad-4438-b843-b027197b11d8,15064978
42,,,,1,30/06/2020,False,https://www.airbnb.fr/rooms/38738369?location=Yvetot&checkout=&check_in=2020-06-30&previous_page_section_name=1000&federated_search_id=d067c147-d5ad-4438-b843-b027197b11d8,38738369
59,,,,1,30/06/2020,False,https://www.airbnb.fr/rooms/33288390?location=Yvetot&checkout=&check_in=2020-06-30&previous_page_section_name=1000&federated_search_id=d067c147-d5ad-4438-b843-b027197b11d8,33288390
48,2,,,1,30/06/2020,False,https://www.airbnb.fr/rooms/34437592?location=Yvetot&checkout=&check_in=2020-06-30&previous_page_section_name=1000&federated_search_id=d067c147-d5ad-4438-b843-b027197b11d8,34437592
81,2,,,1,30/06/2020,False,https://www.airbnb.fr/rooms/15416811?location=Yvetot&checkout=&check_in=2020-06-30&previous_page_section_name=1000&federated_search_id=d067c147-d5ad-4438-b843-b027197b11d8,15416811
48,,,,1,30/06/2020,False,https://www.airbnb.fr/rooms/34901160?location=Yvetot&checkout=&check_in=2020-06-30&previous_page_section_name=1000&federated_search_id=d067c147-d5ad-4438-b843-b027197b11d8,34901160
89,5,,,1,30/06/2020,False,https://www.airbnb.fr/rooms/35269091?location=Yvetot&checkout=&check_in=2020-06-30&previous_page_section_name=1000&federated_search_id=d067c147-d5ad-4438-b843-b027197b11d8,35269091
43,,,,1,30/06/2020,False,https://www.airbnb.fr/rooms/38278331?location=Yvetot&checkout=&check_in=2020-06-30&previous_page_section_name=1000&federated_search_id=d067c147-d5ad-4438-b843-b027197b11d8,38278331
47,2,,,1,30/06/2020,False,https://www.airbnb.fr/rooms/29467884?location=Yvetot&checkout=&check_in=2020-06-30&previous_page_section_name=1000&federated_search_id=d067c147-d5ad-4438-b843-b027197b11d8,29467884
37,2,,,,30/06/2020,False,https://www.airbnb.fr/rooms/13286163?location=Yvetot&checkout=&check_in=2020-06-30&previous_page_section_name=1000&federated_search_id=d067c147-d5ad-4438-b843-b027197b11d8,13286163
60,2,,,1,30/06/2020,False,https://www.airbnb.fr/rooms/15126188?location=Yvetot&check_in=2020-06-30&check_out=2020-07-01&previous_page_section_name=1000&federated_search_id=bc5b86d2-b55a-4ebb-b5b9-9368567e81a3,15126188
42,,,,1,30/06/2020,False,https://www.airbnb.fr/rooms/39149748?location=Yvetot&check_in=2020-06-30&check_out=2020-07-01&previous_page_section_name=1000&federated_search_id=bc5b86d2-b55a-4ebb-b5b9-9368567e81a3,39149748
96,2,,,,30/06/2020,False,https://www.airbnb.fr/rooms/26025508?location=Yvetot&check_in=2020-06-30&check_out=2020-07-01&previous_page_section_name=1000&federated_search_id=bc5b86d2-b55a-4ebb-b5b9-9368567e81a3,26025508
28,,,,1,30/06/2020,False,https://www.airbnb.fr/rooms/20291979?location=Yvetot&check_in=2020-06-30&check_out=2020-07-01&previous_page_section_name=1000&federated_search_id=bc5b86d2-b55a-4ebb-b5b9-9368567e81a3,20291979
48,,,,1,30/06/2020,False,https://www.airbnb.fr/rooms/23674727?location=Yvetot&check_in=2020-06-30&check_out=2020-07-01&previous_page_section_name=1000&federated_search_id=bc5b86d2-b55a-4ebb-b5b9-9368567e81a3,23674727
58,,,,1,30/06/2020,False,https://www.airbnb.fr/rooms/29554360?location=Yvetot&check_in=2020-06-30&check_out=2020-07-01&previous_page_section_name=1000&federated_search_id=bc5b86d2-b55a-4ebb-b5b9-9368567e81a3,29554360
35,,,,1,30/06/2020,False,https://www.airbnb.fr/rooms/20498714?location=Yvetot&check_in=2020-06-30&check_out=2020-07-01&previous_page_section_name=1000&federated_search_id=bc5b86d2-b55a-4ebb-b5b9-9368567e81a3,20498714
78,2,,,1,30/06/2020,False,https://www.airbnb.fr/rooms/2567709?location=Yvetot&check_in=2020-06-30&check_out=2020-07-01&previous_page_section_name=1000&federated_search_id=bc5b86d2-b55a-4ebb-b5b9-9368567e81a3,2567709
18,2,,,,30/06/2020,False,https://www.airbnb.fr/rooms/37553603?location=Yvetot&check_in=2020-06-30&check_out=2020-07-01&previous_page_section_name=1000&federated_search_id=bc5b86d2-b55a-4ebb-b5b9-9368567e81a3,37553603
39,,,,1,30/06/2020,False,https://www.airbnb.fr/rooms/15960350?location=Yvetot&check_in=2020-06-30&check_out=2020-07-01&previous_page_section_name=1000&federated_search_id=bc5b86d2-b55a-4ebb-b5b9-9368567e81a3,15960350
36,,,,1,30/06/2020,False,https://www.airbnb.fr/rooms/26387037?location=Yvetot&check_in=2020-06-30&check_out=2020-07-01&previous_page_section_name=1000&federated_search_id=bc5b86d2-b55a-4ebb-b5b9-9368567e81a3,26387037
47,2,,,1,30/06/2020,False,https://www.airbnb.fr/rooms/12964202?location=Yvetot&check_in=2020-06-30&check_out=2020-07-01&previous_page_section_name=1000&federated_search_id=bc5b86d2-b55a-4ebb-b5b9-9368567e81a3,12964202
49,,,,1,30/06/2020,False,https://www.airbnb.fr/rooms/34417297?location=Yvetot&check_in=2020-06-30&check_out=2020-07-01&previous_page_section_name=1000&federated_search_id=bc5b86d2-b55a-4ebb-b5b9-9368567e81a3,34417297
22,,,,1,30/06/2020,False,https://www.airbnb.fr/rooms/42553592?location=Yvetot&check_in=2020-06-30&check_out=2020-07-01&previous_page_section_name=1000&federated_search_id=bc5b86d2-b55a-4ebb-b5b9-9368567e81a3,42553592
91,,,,1,30/06/2020,False,https://www.airbnb.fr/rooms/18324927?location=Yvetot&check_in=2020-06-30&check_out=2020-07-01&previous_page_section_name=1000&federated_search_id=bc5b86d2-b55a-4ebb-b5b9-9368567e81a3,18324927
66,,,,,30/06/2020,False,https://www.airbnb.fr/rooms/14337045?location=Yvetot&check_in=2020-06-30&check_out=2020-07-01&previous_page_section_name=1000&federated_search_id=bc5b86d2-b55a-4ebb-b5b9-9368567e81a3,14337045
55,,,,1,30/06/2020,False,https://www.airbnb.fr/rooms/30806273?location=Yvetot&check_in=2020-06-30&check_out=2020-07-01&previous_page_section_name=1000&federated_search_id=bc5b86d2-b55a-4ebb-b5b9-9368567e81a3,30806273
60,,,,1,30/06/2020,False,https://www.airbnb.fr/rooms/18837985?location=Yvetot&check_in=2020-06-30&check_out=2020-07-01&previous_page_section_name=1000&federated_search_id=bc5b86d2-b55a-4ebb-b5b9-9368567e81a3,18837985
36,,,,1,30/06/2020,False,https://www.airbnb.fr/rooms/35297165?location=Yvetot&check_in=2020-06-30&check_out=2020-07-01&previous_page_section_name=1000&federated_search_id=bc5b86d2-b55a-4ebb-b5b9-9368567e81a3,35297165
65,,,,,30/06/2020,False,https://www.airbnb.fr/rooms/39214936?location=Yvetot&check_in=2020-06-30&check_out=2020-07-01&previous_page_section_name=1000&federated_search_id=bc5b86d2-b55a-4ebb-b5b9-9368567e81a3,39214936
65,,,,,30/06/2020,False,https://www.airbnb.fr/rooms/39214936?location=Yvetot&check_in=2020-06-30&check_out=2020-07-01&previous_page_section_name=1000&federated_search_id=c5a1872f-0628-409d-8f2d-cd1e287901b6,39214936
72,,,,1,30/06/2020,False,https://www.airbnb.fr/rooms/35409443?location=Yvetot&check_in=2020-06-30&check_out=2020-07-01&previous_page_section_name=1000&federated_search_id=c5a1872f-0628-409d-8f2d-cd1e287901b6,35409443
22,,,,1,30/06/2020,False,https://www.airbnb.fr/rooms/42553592?location=Yvetot&check_in=2020-06-30&check_out=2020-07-01&previous_page_section_name=1000&federated_search_id=c5a1872f-0628-409d-8f2d-cd1e287901b6,42553592
31,,,,1,30/06/2020,False,https://www.airbnb.fr/rooms/34114551?location=Yvetot&check_in=2020-06-30&check_out=2020-07-01&previous_page_section_name=1000&federated_search_id=c5a1872f-0628-409d-8f2d-cd1e287901b6,34114551
49,3,,,1,30/06/2020,False,https://www.airbnb.fr/rooms/3126154?location=Yvetot&check_in=2020-06-30&check_out=2020-07-01&previous_page_section_name=1000&federated_search_id=c5a1872f-0628-409d-8f2d-cd1e287901b6,3126154
36,2,,,,30/06/2020,False,https://www.airbnb.fr/rooms/26268606?location=Yvetot&check_in=2020-06-30&check_out=2020-07-01&previous_page_section_name=1000&federated_search_id=c5a1872f-0628-409d-8f2d-cd1e287901b6,26268606
31,,,,1,30/06/2020,False,https://www.airbnb.fr/rooms/33878075?location=Yvetot&check_in=2020-06-30&check_out=2020-07-01&previous_page_section_name=1000&federated_search_id=c5a1872f-0628-409d-8f2d-cd1e287901b6,33878075
42,,,,1,30/06/2020,False,https://www.airbnb.fr/rooms/33032466?location=Yvetot&check_in=2020-06-30&check_out=2020-07-01&previous_page_section_name=1000&federated_search_id=c5a1872f-0628-409d-8f2d-cd1e287901b6,33032466
30,,,,1,30/06/2020,False,https://www.airbnb.fr/rooms/39150353?location=Yvetot&check_in=2020-06-30&check_out=2020-07-01&previous_page_section_name=1000&federated_search_id=c5a1872f-0628-409d-8f2d-cd1e287901b6,39150353
36,,,,1,30/06/2020,False,https://www.airbnb.fr/rooms/41211593?location=Yvetot&check_in=2020-06-30&check_out=2020-07-01&previous_page_section_name=1000&federated_search_id=c5a1872f-0628-409d-8f2d-cd1e287901b6,41211593
119,,,,1,30/06/2020,False,https://www.airbnb.fr/rooms/12182427?location=Yvetot&check_in=2020-06-30&check_out=2020-07-01&previous_page_section_name=1000&federated_search_id=c5a1872f-0628-409d-8f2d-cd1e287901b6,12182427
80,,,,1,30/06/2020,False,https://www.airbnb.fr/rooms/26744861?location=Yvetot&check_in=2020-06-30&check_out=2020-07-01&previous_page_section_name=1000&federated_search_id=c5a1872f-0628-409d-8f2d-cd1e287901b6,26744861
41,,,,1,30/06/2020,False,https://www.airbnb.fr/rooms/20296955?location=Yvetot&check_in=2020-06-30&check_out=2020-07-01&previous_page_section_name=1000&federated_search_id=c5a1872f-0628-409d-8f2d-cd1e287901b6,20296955
54,,,,1,30/06/2020,False,https://www.airbnb.fr/rooms/20419977?location=Yvetot&check_in=2020-06-30&check_out=2020-07-01&previous_page_section_name=1000&federated_search_id=c5a1872f-0628-409d-8f2d-cd1e287901b6,20419977
37,2,,,1,30/06/2020,False,https://www.airbnb.fr/rooms/9430827?location=Yvetot&check_in=2020-06-30&check_out=2020-07-01&previous_page_section_name=1000&federated_search_id=c5a1872f-0628-409d-8f2d-cd1e287901b6,9430827
96,,,,1,30/06/2020,False,https://www.airbnb.fr/rooms/38454895?location=Yvetot&check_in=2020-06-30&check_out=2020-07-01&previous_page_section_name=1000&federated_search_id=c5a1872f-0628-409d-8f2d-cd1e287901b6,38454895
78,,,,1,30/06/2020,False,https://www.airbnb.fr/rooms/34698341?location=Yvetot&check_in=2020-06-30&check_out=2020-07-01&previous_page_section_name=1000&federated_search_id=c5a1872f-0628-409d-8f2d-cd1e287901b6,34698341
75,,,,1,30/06/2020,False,https://www.airbnb.fr/rooms/29668370?location=Yvetot&check_in=2020-06-30&check_out=2020-07-01&previous_page_section_name=1000&federated_search_id=c5a1872f-0628-409d-8f2d-cd1e287901b6,29668370
83,2,,,1,30/06/2020,False,https://www.airbnb.fr/rooms/27362400?location=Yvetot&check_in=2020-06-30&check_out=2020-07-01&previous_page_section_name=1000&federated_search_id=c5a1872f-0628-409d-8f2d-cd1e287901b6,27362400
28,8,,,1,30/06/2020,False,https://www.airbnb.fr/rooms/43201480?location=Yvetot&check_in=2020-06-30&check_out=2020-07-01&previous_page_section_name=1000&federated_search_id=c5a1872f-0628-409d-8f2d-cd1e287901b6,43201480
37,2,,,1,30/06/2020,False,https://www.airbnb.fr/rooms/9430827?location=Yvetot&check_in=2020-06-30&check_out=2020-07-01&previous_page_section_name=1000&federated_search_id=a26b4eaa-99ea-49d6-a4b6-d3551ffd2631,9430827
83,2,,,1,30/06/2020,False,https://www.airbnb.fr/rooms/27362400?location=Yvetot&check_in=2020-06-30&check_out=2020-07-01&previous_page_section_name=1000&federated_search_id=a26b4eaa-99ea-49d6-a4b6-d3551ffd2631,27362400
154,3,,,1,30/06/2020,False,https://www.airbnb.fr/rooms/33680225?location=Yvetot&check_in=2020-06-30&check_out=2020-07-01&previous_page_section_name=1000&federated_search_id=a26b4eaa-99ea-49d6-a4b6-d3551ffd2631,33680225
53,2,,,1,30/06/2020,False,https://www.airbnb.fr/rooms/19452608?location=Yvetot&check_in=2020-06-30&check_out=2020-07-01&previous_page_section_name=1000&federated_search_id=a26b4eaa-99ea-49d6-a4b6-d3551ffd2631,19452608
118,2,,,1,30/06/2020,False,https://www.airbnb.fr/rooms/11016021?location=Yvetot&check_in=2020-06-30&check_out=2020-07-01&previous_page_section_name=1000&federated_search_id=a26b4eaa-99ea-49d6-a4b6-d3551ffd2631,11016021
60,3,,,1,30/06/2020,False,https://www.airbnb.fr/rooms/5345885?location=Yvetot&check_in=2020-06-30&check_out=2020-07-01&previous_page_section_name=1000&federated_search_id=a26b4eaa-99ea-49d6-a4b6-d3551ffd2631,5345885
95,3,,,,30/06/2020,False,https://www.airbnb.fr/rooms/40199659?location=Yvetot&check_in=2020-06-30&check_out=2020-07-01&previous_page_section_name=1000&federated_search_id=a26b4eaa-99ea-49d6-a4b6-d3551ffd2631,40199659
29,,,,,30/06/2020,False,https://www.airbnb.fr/rooms/15173058?location=Yvetot&check_in=2020-06-30&check_out=2020-07-01&previous_page_section_name=1000&federated_search_id=a26b4eaa-99ea-49d6-a4b6-d3551ffd2631,15173058
107,2,,,,30/06/2020,False,https://www.airbnb.fr/rooms/36033850?location=Yvetot&check_in=2020-06-30&check_out=2020-07-01&previous_page_section_name=1000&federated_search_id=a26b4eaa-99ea-49d6-a4b6-d3551ffd2631,36033850
63,,,,1,30/06/2020,False,https://www.airbnb.fr/rooms/38685617?location=Yvetot&check_in=2020-06-30&check_out=2020-07-01&previous_page_section_name=1000&federated_search_id=a26b4eaa-99ea-49d6-a4b6-d3551ffd2631,38685617
77,,,,1,30/06/2020,False,https://www.airbnb.fr/rooms/18530992?location=Yvetot&check_in=2020-06-30&check_out=2020-07-01&previous_page_section_name=1000&federated_search_id=a26b4eaa-99ea-49d6-a4b6-d3551ffd2631,18530992
131,2,,,1,30/06/2020,False,https://www.airbnb.fr/rooms/38454841?location=Yvetot&check_in=2020-06-30&check_out=2020-07-01&previous_page_section_name=1000&federated_search_id=a26b4eaa-99ea-49d6-a4b6-d3551ffd2631,38454841
72,,,,1,30/06/2020,False,https://www.airbnb.fr/rooms/22303360?location=Yvetot&check_in=2020-06-30&check_out=2020-07-01&previous_page_section_name=1000&federated_search_id=a26b4eaa-99ea-49d6-a4b6-d3551ffd2631,22303360
201,4,,,1,30/06/2020,False,https://www.airbnb.fr/rooms/34491023?location=Yvetot&check_in=2020-06-30&check_out=2020-07-01&previous_page_section_name=1000&federated_search_id=a26b4eaa-99ea-49d6-a4b6-d3551ffd2631,34491023
35,,,,1,30/06/2020,False,https://www.airbnb.fr/rooms/16990418?location=Yvetot&check_in=2020-06-30&check_out=2020-07-01&previous_page_section_name=1000&federated_search_id=a26b4eaa-99ea-49d6-a4b6-d3551ffd2631,16990418
93,2,,,1,30/06/2020,False,https://www.airbnb.fr/rooms/41767086?location=Yvetot&check_in=2020-06-30&check_out=2020-07-01&previous_page_section_name=1000&federated_search_id=a26b4eaa-99ea-49d6-a4b6-d3551ffd2631,41767086
90,,,,,30/06/2020,False,https://www.airbnb.fr/rooms/18943905?location=Yvetot&check_in=2020-06-30&check_out=2020-07-01&previous_page_section_name=1000&federated_search_id=a26b4eaa-99ea-49d6-a4b6-d3551ffd2631,18943905
55,2,,,1,30/06/2020,False,https://www.airbnb.fr/rooms/15857941?location=Yvetot&check_in=2020-06-30&check_out=2020-07-01&previous_page_section_name=1000&federated_search_id=a26b4eaa-99ea-49d6-a4b6-d3551ffd2631,15857941
66,,,,1,30/06/2020,False,https://www.airbnb.fr/rooms/20647151?location=Yvetot&check_in=2020-06-30&check_out=2020-07-01&previous_page_section_name=1000&federated_search_id=a26b4eaa-99ea-49d6-a4b6-d3551ffd2631,20647151
58,4,,,1,30/06/2020,False,https://www.airbnb.fr/rooms/6569640?location=Yvetot&check_in=2020-06-30&check_out=2020-07-01&previous_page_section_name=1000&federated_search_id=a26b4eaa-99ea-49d6-a4b6-d3551ffd2631,6569640
172,3,,,,30/06/2020,False,https://www.airbnb.fr/rooms/39326678?location=Yvetot&check_in=2020-06-30&check_out=2020-07-01&previous_page_section_name=1000&federated_search_id=f229be63-2cf4-467b-8387-b506eaafa5fc,39326678
65,2,,,1,30/06/2020,False,https://www.airbnb.fr/rooms/38290885?location=Yvetot&check_in=2020-06-30&check_out=2020-07-01&previous_page_section_name=1000&federated_search_id=f229be63-2cf4-467b-8387-b506eaafa5fc,38290885
48,,,,1,30/06/2020,False,https://www.airbnb.fr/rooms/28664985?location=Yvetot&check_in=2020-06-30&check_out=2020-07-01&previous_page_section_name=1000&federated_search_id=f229be63-2cf4-467b-8387-b506eaafa5fc,28664985
72,,,,1,30/06/2020,False,https://www.airbnb.fr/rooms/25718681?location=Yvetot&check_in=2020-06-30&check_out=2020-07-01&previous_page_section_name=1000&federated_search_id=f229be63-2cf4-467b-8387-b506eaafa5fc,25718681
72,,,,1,30/06/2020,False,https://www.airbnb.fr/rooms/7301617?location=Yvetot&check_in=2020-06-30&check_out=2020-07-01&previous_page_section_name=1000&federated_search_id=f229be63-2cf4-467b-8387-b506eaafa5fc,7301617
77,,,,1,30/06/2020,False,https://www.airbnb.fr/rooms/13038847?location=Yvetot&check_in=2020-06-30&check_out=2020-07-01&previous_page_section_name=1000&federated_search_id=f229be63-2cf4-467b-8387-b506eaafa5fc,13038847
71,,,,1,30/06/2020,False,https://www.airbnb.fr/rooms/20568964?location=Yvetot&check_in=2020-06-30&check_out=2020-07-01&previous_page_section_name=1000&federated_search_id=f229be63-2cf4-467b-8387-b506eaafa5fc,20568964
60,3,,,1,30/06/2020,False,https://www.airbnb.fr/rooms/5345885?location=Yvetot&check_in=2020-06-30&check_out=2020-07-01&previous_page_section_name=1000&federated_search_id=f229be63-2cf4-467b-8387-b506eaafa5fc,5345885
96,,,,1,30/06/2020,False,https://www.airbnb.fr/rooms/34885606?location=Yvetot&check_in=2020-06-30&check_out=2020-07-01&previous_page_section_name=1000&federated_search_id=f229be63-2cf4-467b-8387-b506eaafa5fc,34885606
49,,,,1,30/06/2020,False,https://www.airbnb.fr/rooms/34280423?location=Yvetot&check_in=2020-06-30&check_out=2020-07-01&previous_page_section_name=1000&federated_search_id=f229be63-2cf4-467b-8387-b506eaafa5fc,34280423
90,,,,,30/06/2020,False,https://www.airbnb.fr/rooms/19856236?location=Yvetot&check_in=2020-06-30&check_out=2020-07-01&previous_page_section_name=1000&federated_search_id=f229be63-2cf4-467b-8387-b506eaafa5fc,19856236
42,,,,1,30/06/2020,False,https://www.airbnb.fr/rooms/35079026?location=Yvetot&check_in=2020-06-30&check_out=2020-07-01&previous_page_section_name=1000&federated_search_id=f229be63-2cf4-467b-8387-b506eaafa5fc,35079026
58,4,,,1,30/06/2020,False,https://www.airbnb.fr/rooms/6569640?location=Yvetot&check_in=2020-06-30&check_out=2020-07-01&previous_page_section_name=1000&federated_search_id=f229be63-2cf4-467b-8387-b506eaafa5fc,6569640
83,,,,1,30/06/2020,False,https://www.airbnb.fr/rooms/42607107?location=Yvetot&check_in=2020-06-30&check_out=2020-07-01&previous_page_section_name=1000&federated_search_id=f229be63-2cf4-467b-8387-b506eaafa5fc,42607107
36,,,,1,30/06/2020,False,https://www.airbnb.fr/rooms/37584579?location=Yvetot&check_in=2020-06-30&check_out=2020-07-01&previous_page_section_name=1000&federated_search_id=f229be63-2cf4-467b-8387-b506eaafa5fc,37584579
177,6,,,,30/06/2020,False,https://www.airbnb.fr/rooms/31814889?location=Yvetot&check_in=2020-06-30&check_out=2020-07-01&previous_page_section_name=1000&federated_search_id=f229be63-2cf4-467b-8387-b506eaafa5fc,31814889
102,3,,,,30/06/2020,False,https://www.airbnb.fr/rooms/24865995?location=Yvetot&check_in=2020-06-30&check_out=2020-07-01&previous_page_section_name=1000&federated_search_id=f229be63-2cf4-467b-8387-b506eaafa5fc,24865995
72,,,,1,30/06/2020,False,https://www.airbnb.fr/rooms/20375090?location=Yvetot&check_in=2020-06-30&check_out=2020-07-01&previous_page_section_name=1000&federated_search_id=f229be63-2cf4-467b-8387-b506eaafa5fc,20375090
99,,,,1,30/06/2020,False,https://www.airbnb.fr/rooms/32584394?location=Yvetot&check_in=2020-06-30&check_out=2020-07-01&previous_page_section_name=1000&federated_search_id=f229be63-2cf4-467b-8387-b506eaafa5fc,32584394
47,,,,1,30/06/2020,False,https://www.airbnb.fr/rooms/14180434?location=Yvetot&check_in=2020-06-30&check_out=2020-07-01&previous_page_section_name=1000&federated_search_id=f229be63-2cf4-467b-8387-b506eaafa5fc,14180434
72,,,,1,30/06/2020,False,https://www.airbnb.fr/rooms/20375090?location=Yvetot&check_in=2020-06-30&check_out=2020-07-01&previous_page_section_name=1000&federated_search_id=3c1b3eeb-0422-433d-b781-27d481cc3d8e,20375090
96,,,,1,30/06/2020,False,https://www.airbnb.fr/rooms/34885606?location=Yvetot&check_in=2020-06-30&check_out=2020-07-01&previous_page_section_name=1000&federated_search_id=3c1b3eeb-0422-433d-b781-27d481cc3d8e,34885606
102,3,,,,30/06/2020,False,https://www.airbnb.fr/rooms/24865995?location=Yvetot&check_in=2020-06-30&check_out=2020-07-01&previous_page_section_name=1000&federated_search_id=3c1b3eeb-0422-433d-b781-27d481cc3d8e,24865995
177,4,,,4,30/06/2020,False,https://www.airbnb.fr/rooms/23272262?location=Yvetot&check_in=2020-06-30&check_out=2020-07-01&previous_page_section_name=1000&federated_search_id=3c1b3eeb-0422-433d-b781-27d481cc3d8e,23272262
99,,,,1,30/06/2020,False,https://www.airbnb.fr/rooms/32584394?location=Yvetot&check_in=2020-06-30&check_out=2020-07-01&previous_page_section_name=1000&federated_search_id=3c1b3eeb-0422-433d-b781-27d481cc3d8e,32584394
165,6,,,,30/06/2020,False,https://www.airbnb.fr/rooms/7878216?location=Yvetot&check_in=2020-06-30&check_out=2020-07-01&previous_page_section_name=1000&federated_search_id=3c1b3eeb-0422-433d-b781-27d481cc3d8e,7878216
118,3,,,1,30/06/2020,False,https://www.airbnb.fr/rooms/38291611?location=Yvetot&check_in=2020-06-30&check_out=2020-07-01&previous_page_section_name=1000&federated_search_id=3c1b3eeb-0422-433d-b781-27d481cc3d8e,38291611
19,,,,1,30/06/2020,False,https://www.airbnb.fr/rooms/5332748?location=Yvetot&check_in=2020-06-30&check_out=2020-07-01&previous_page_section_name=1000&federated_search_id=3c1b3eeb-0422-433d-b781-27d481cc3d8e,5332748
113,,,,1,30/06/2020,False,https://www.airbnb.fr/rooms/8145386?location=Yvetot&check_in=2020-06-30&check_out=2020-07-01&previous_page_section_name=1000&federated_search_id=3c1b3eeb-0422-433d-b781-27d481cc3d8e,8145386
53,,,,1,30/06/2020,False,https://www.airbnb.fr/rooms/34776287?location=Yvetot&check_in=2020-06-30&check_out=2020-07-01&previous_page_section_name=1000&federated_search_id=3c1b3eeb-0422-433d-b781-27d481cc3d8e,34776287
142,,,,1,30/06/2020,False,https://www.airbnb.fr/rooms/39216215?location=Yvetot&check_in=2020-06-30&check_out=2020-07-01&previous_page_section_name=1000&federated_search_id=3c1b3eeb-0422-433d-b781-27d481cc3d8e,39216215
97,,,,1,30/06/2020,False,https://www.airbnb.fr/rooms/32395138?location=Yvetot&check_in=2020-06-30&check_out=2020-07-01&previous_page_section_name=1000&federated_search_id=3c1b3eeb-0422-433d-b781-27d481cc3d8e,32395138
101,3,,,1,30/06/2020,False,https://www.airbnb.fr/rooms/15921011?location=Yvetot&check_in=2020-06-30&check_out=2020-07-01&previous_page_section_name=1000&federated_search_id=3c1b3eeb-0422-433d-b781-27d481cc3d8e,15921011
77,,,,1,30/06/2020,False,https://www.airbnb.fr/rooms/7573035?location=Yvetot&check_in=2020-06-30&check_out=2020-07-01&previous_page_section_name=1000&federated_search_id=3c1b3eeb-0422-433d-b781-27d481cc3d8e,7573035
47,,,,1,30/06/2020,False,https://www.airbnb.fr/rooms/38289422?location=Yvetot&check_in=2020-06-30&check_out=2020-07-01&previous_page_section_name=1000&federated_search_id=3c1b3eeb-0422-433d-b781-27d481cc3d8e,38289422
135,,,,1,30/06/2020,False,https://www.airbnb.fr/rooms/7159206?location=Yvetot&check_in=2020-06-30&check_out=2020-07-01&previous_page_section_name=1000&federated_search_id=3c1b3eeb-0422-433d-b781-27d481cc3d8e,7159206
78,,,,1,30/06/2020,False,https://www.airbnb.fr/rooms/36867999?location=Yvetot&check_in=2020-06-30&check_out=2020-07-01&previous_page_section_name=1000&federated_search_id=3c1b3eeb-0422-433d-b781-27d481cc3d8e,36867999
241,2,,,1,30/06/2020,False,https://www.airbnb.fr/rooms/42990048?location=Yvetot&check_in=2020-06-30&check_out=2020-07-01&previous_page_section_name=1000&federated_search_id=3c1b3eeb-0422-433d-b781-27d481cc3d8e,42990048
117,2,,,1,30/06/2020,False,https://www.airbnb.fr/rooms/13164465?location=Yvetot&check_in=2020-06-30&check_out=2020-07-01&previous_page_section_name=1000&federated_search_id=3c1b3eeb-0422-433d-b781-27d481cc3d8e,13164465
136,3,,,,30/06/2020,False,https://www.airbnb.fr/rooms/42290936?location=Yvetot&check_in=2020-06-30&check_out=2020-07-01&previous_page_section_name=1000&federated_search_id=3c1b3eeb-0422-433d-b781-27d481cc3d8e,42290936
89,2,,,1,30/06/2020,False,https://www.airbnb.fr/rooms/38711820?location=Yvetot&check_in=2020-06-30&check_out=2020-07-01&previous_page_section_name=1000&federated_search_id=2f53d399-0865-4f06-a4db-9fed2b1b0e28,38711820
80,,,,1,30/06/2020,False,https://www.airbnb.fr/rooms/15781326?location=Yvetot&check_in=2020-06-30&check_out=2020-07-01&previous_page_section_name=1000&federated_search_id=2f53d399-0865-4f06-a4db-9fed2b1b0e28,15781326
65,,,,1,30/06/2020,False,https://www.airbnb.fr/rooms/16818055?location=Yvetot&check_in=2020-06-30&check_out=2020-07-01&previous_page_section_name=1000&federated_search_id=2f53d399-0865-4f06-a4db-9fed2b1b0e28,16818055
113,,,,1,30/06/2020,False,https://www.airbnb.fr/rooms/15506105?location=Yvetot&check_in=2020-06-30&check_out=2020-07-01&previous_page_section_name=1000&federated_search_id=2f53d399-0865-4f06-a4db-9fed2b1b0e28,15506105
71,,,,1,30/06/2020,False,https://www.airbnb.fr/rooms/19773236?location=Yvetot&check_in=2020-06-30&check_out=2020-07-01&previous_page_section_name=1000&federated_search_id=2f53d399-0865-4f06-a4db-9fed2b1b0e28,19773236
83,,,,1,30/06/2020,False,https://www.airbnb.fr/rooms/19773352?location=Yvetot&check_in=2020-06-30&check_out=2020-07-01&previous_page_section_name=1000&federated_search_id=2f53d399-0865-4f06-a4db-9fed2b1b0e28,19773352
107,2,,,1,30/06/2020,False,https://www.airbnb.fr/rooms/40270531?location=Yvetot&check_in=2020-06-30&check_out=2020-07-01&previous_page_section_name=1000&federated_search_id=2f53d399-0865-4f06-a4db-9fed2b1b0e28,40270531
68,,,,1,30/06/2020,False,https://www.airbnb.fr/rooms/3750368?location=Yvetot&check_in=2020-06-30&check_out=2020-07-01&previous_page_section_name=1000&federated_search_id=2f53d399-0865-4f06-a4db-9fed2b1b0e28,3750368
48,,,,1,30/06/2020,False,https://www.airbnb.fr/rooms/35555286?location=Yvetot&check_in=2020-06-30&check_out=2020-07-01&previous_page_section_name=1000&federated_search_id=2f53d399-0865-4f06-a4db-9fed2b1b0e28,35555286
59,,,,1,30/06/2020,False,https://www.airbnb.fr/rooms/35814418?location=Yvetot&check_in=2020-06-30&check_out=2020-07-01&previous_page_section_name=1000&federated_search_id=2f53d399-0865-4f06-a4db-9fed2b1b0e28,35814418
119,,,,1,30/06/2020,False,https://www.airbnb.fr/rooms/39211235?location=Yvetot&check_in=2020-06-30&check_out=2020-07-01&previous_page_section_name=1000&federated_search_id=2f53d399-0865-4f06-a4db-9fed2b1b0e28,39211235
59,2,,,1,30/06/2020,False,https://www.airbnb.fr/rooms/4595757?location=Yvetot&check_in=2020-06-30&check_out=2020-07-01&previous_page_section_name=1000&federated_search_id=2f53d399-0865-4f06-a4db-9fed2b1b0e28,4595757
76,,,,1,30/06/2020,False,https://www.airbnb.fr/rooms/12168566?location=Yvetot&check_in=2020-06-30&check_out=2020-07-01&previous_page_section_name=1000&federated_search_id=2f53d399-0865-4f06-a4db-9fed2b1b0e28,12168566
79,,,,1,30/06/2020,False,https://www.airbnb.fr/rooms/36868647?location=Yvetot&check_in=2020-06-30&check_out=2020-07-01&previous_page_section_name=1000&federated_search_id=2f53d399-0865-4f06-a4db-9fed2b1b0e28,36868647
117,2,,,1,30/06/2020,False,https://www.airbnb.fr/rooms/13164465?location=Yvetot&check_in=2020-06-30&check_out=2020-07-01&previous_page_section_name=1000&federated_search_id=2f53d399-0865-4f06-a4db-9fed2b1b0e28,13164465
75,,,,1,30/06/2020,False,https://www.airbnb.fr/rooms/39261435?location=Yvetot&check_in=2020-06-30&check_out=2020-07-01&previous_page_section_name=1000&federated_search_id=2f53d399-0865-4f06-a4db-9fed2b1b0e28,39261435
103,,,,1,30/06/2020,False,https://www.airbnb.fr/rooms/32395133?location=Yvetot&check_in=2020-06-30&check_out=2020-07-01&previous_page_section_name=1000&federated_search_id=2f53d399-0865-4f06-a4db-9fed2b1b0e28,32395133
